dataset,model,seed,median,p95,max,mean,n
PC10-CMY,poly3,0,0.2751,0.9401,7.2379,0.4068,795
PC10-CMY,poly3,1,0.2703,0.9545,6.4779,0.4014,795
PC10-CMY,poly3,2,0.2701,0.9337,6.0207,0.4,795
PC10-CMY,poly3,3,0.2695,0.9555,7.5603,0.413,795
PC10-CMY,poly3,42,0.2681,0.9819,6.7945,0.4067,795
PC10-CMY,svm,0,0.7506,1.7994,6.0795,0.8648,795
PC10-CMY,svm,1,0.7595,1.813,5.6946,0.8812,795
PC10-CMY,svm,2,0.7736,1.8161,5.9344,0.8871,795
PC10-CMY,svm,3,0.7733,2.0059,6.5467,0.9178,795
PC10-CMY,svm,42,0.7231,1.814,7.4007,0.8818,795
PC10-CMY,gaussian_process,0,0.0455,0.1643,2.1408,0.0706,795
PC10-CMY,gaussian_process,1,0.0475,0.1508,2.2351,0.0707,795
PC10-CMY,gaussian_process,2,0.0457,0.1582,2.064,0.069,795
PC10-CMY,gaussian_process,3,0.0453,0.1623,2.0474,0.0711,795
PC10-CMY,gaussian_process,42,0.0465,0.1525,2.2739,0.0688,795
PC10-CMY,knn,0,1.8882,4.3015,12.0381,2.1835,795
PC10-CMY,knn,1,1.9501,4.2014,11.8232,2.1398,795
PC10-CMY,knn,2,1.9774,4.4466,11.4167,2.1987,795
PC10-CMY,knn,3,1.9845,4.5777,10.6495,2.2243,795
PC10-CMY,knn,42,1.9982,4.2699,13.4659,2.2161,795
PC10-CMY,mlp_deep,0,1.1971,4.5172,12.1929,1.6229,795
PC10-CMY,mlp_deep,1,1.0661,4.1148,19.7355,1.5234,795
PC10-CMY,mlp_deep,2,1.2796,5.2167,12.6183,1.7671,795
PC10-CMY,mlp_deep,3,1.1118,4.3484,18.9246,1.601,795
PC10-CMY,mlp_deep,42,1.0766,3.7295,19.1191,1.4478,795
PC10-CMYK,poly3,0,0.9276,7.9546,32.3022,2.1757,1588
PC10-CMYK,poly3,1,0.9521,8.1095,32.8753,2.1717,1588
PC10-CMYK,poly3,2,0.9414,7.8512,33.5984,2.1697,1588
PC10-CMYK,poly3,3,0.943,8.2019,32.4702,2.1815,1588
PC10-CMYK,poly3,42,0.9419,8.3102,33.9782,2.1838,1588
PC10-CMYK,svm,0,1.0262,5.2872,24.8249,1.6783,1588
PC10-CMYK,svm,1,1.0361,5.3491,22.2235,1.6948,1588
PC10-CMYK,svm,2,1.0257,5.6148,17.2786,1.678,1588
PC10-CMYK,svm,3,1.0056,5.4749,20.9711,1.6467,1588
PC10-CMYK,svm,42,1.0235,5.3229,23.3172,1.6731,1588
PC10-CMYK,gaussian_process,0,0.0568,0.5542,8.8209,0.1728,1588
PC10-CMYK,gaussian_process,1,0.0576,0.4914,8.0863,0.1555,1588
PC10-CMYK,gaussian_process,2,0.0583,0.5154,9.5327,0.1611,1588
PC10-CMYK,gaussian_process,3,0.0579,0.471,6.9021,0.1508,1588
PC10-CMYK,gaussian_process,42,0.0563,0.4708,7.2266,0.1547,1588
PC10-CMYK,knn,0,2.3322,5.7312,14.9313,2.6787,1588
PC10-CMYK,knn,1,2.3137,5.9318,14.4984,2.7293,1588
PC10-CMYK,knn,2,2.27,5.9315,14.9313,2.7224,1588
PC10-CMYK,knn,3,2.237,5.9099,16.2663,2.6944,1588
PC10-CMYK,knn,42,2.2397,5.8391,12.7977,2.6719,1588
PC10-CMYK,mlp_deep,0,1.6094,10.1698,25.6981,2.9194,1588
PC10-CMYK,mlp_deep,1,1.6916,10.335,32.822,2.9135,1588
PC10-CMYK,mlp_deep,2,1.7409,11.5327,30.0256,3.0701,1588
PC10-CMYK,mlp_deep,3,1.7077,11.0126,26.377,2.9656,1588
PC10-CMYK,mlp_deep,42,1.5731,10.7034,37.2037,2.9588,1588
PC11-CMY,poly3,0,0.2339,0.8379,8.7262,0.3631,795
PC11-CMY,poly3,1,0.2363,0.8908,6.849,0.3574,795
PC11-CMY,poly3,2,0.2369,0.8331,6.967,0.3566,795
PC11-CMY,poly3,3,0.237,0.8448,8.6725,0.3678,795
PC11-CMY,poly3,42,0.2383,0.8547,7.8375,0.3613,795
PC11-CMY,svm,0,0.7016,1.7664,5.0906,0.8268,795
PC11-CMY,svm,1,0.755,1.7564,4.893,0.8519,795
PC11-CMY,svm,2,0.739,1.7819,4.9219,0.8445,795
PC11-CMY,svm,3,0.7276,1.8739,4.9945,0.8629,795
PC11-CMY,svm,42,0.7041,1.8117,5.3496,0.8355,795
PC11-CMY,gaussian_process,0,0.0475,0.1424,1.7631,0.0645,795
PC11-CMY,gaussian_process,1,0.0469,0.139,1.7591,0.0651,795
PC11-CMY,gaussian_process,2,0.0458,0.1458,1.7766,0.0634,795
PC11-CMY,gaussian_process,3,0.046,0.1403,1.7667,0.0646,795
PC11-CMY,gaussian_process,42,0.0461,0.1394,1.747,0.0643,795
PC11-CMY,knn,0,1.8392,4.136,10.6505,2.0891,795
PC11-CMY,knn,1,1.8626,4.1247,10.5159,2.0631,795
PC11-CMY,knn,2,1.8706,4.3832,10.9409,2.116,795
PC11-CMY,knn,3,1.8979,4.4432,10.0423,2.1404,795
PC11-CMY,knn,42,1.9369,4.1543,15.3603,2.1428,795
PC11-CMY,mlp_deep,0,0.9723,3.5539,16.4908,1.3789,795
PC11-CMY,mlp_deep,1,1.0353,3.7806,23.4336,1.4671,795
PC11-CMY,mlp_deep,2,1.0449,3.7935,12.3691,1.4351,795
PC11-CMY,mlp_deep,3,0.9869,3.5905,17.9966,1.3835,795
PC11-CMY,mlp_deep,42,1.0074,3.5405,22.5597,1.3813,795
PC11-CMYK,poly3,0,0.8643,7.2381,31.8974,1.994,1588
PC11-CMYK,poly3,1,0.8685,7.3296,32.0992,1.9865,1588
PC11-CMYK,poly3,2,0.8665,7.3092,33.0492,1.9911,1588
PC11-CMYK,poly3,3,0.8583,7.461,31.5051,2.0053,1588
PC11-CMYK,poly3,42,0.8694,7.5005,33.0696,2.0094,1588
PC11-CMYK,svm,0,0.9864,4.625,12.4103,1.4883,1588
PC11-CMYK,svm,1,0.9984,5.5247,20.3968,1.5943,1588
PC11-CMYK,svm,2,1.0011,4.9267,19.1777,1.5533,1588
PC11-CMYK,svm,3,0.9836,5.1236,16.9339,1.5573,1588
PC11-CMYK,svm,42,1.0021,4.7119,19.3805,1.5296,1588
PC11-CMYK,gaussian_process,0,0.0566,0.3977,7.5652,0.1321,1588
PC11-CMYK,gaussian_process,1,0.0568,0.3768,10.7694,0.1428,1588
PC11-CMYK,gaussian_process,2,0.058,0.4237,9.3108,0.1457,1588
PC11-CMYK,gaussian_process,3,0.0596,0.3817,4.5388,0.1354,1588
PC11-CMYK,gaussian_process,42,0.057,0.3826,7.6841,0.1331,1588
PC11-CMYK,knn,0,2.2238,5.3675,13.6845,2.5177,1588
PC11-CMYK,knn,1,2.1674,5.5152,13.2065,2.5751,1588
PC11-CMYK,knn,2,2.1845,5.5999,13.6062,2.5657,1588
PC11-CMYK,knn,3,2.1317,5.5072,14.9049,2.536,1588
PC11-CMYK,knn,42,2.1457,5.5072,10.8677,2.5158,1588
PC11-CMYK,mlp_deep,0,1.6373,10.6178,34.5094,2.9732,1588
PC11-CMYK,mlp_deep,1,1.5416,9.6144,30.1356,2.661,1588
PC11-CMYK,mlp_deep,2,1.6201,9.5613,37.039,2.8363,1588
PC11-CMYK,mlp_deep,3,1.5521,9.8901,38.9003,2.8346,1588
PC11-CMYK,mlp_deep,42,1.592,10.4451,28.4905,2.8586,1588
FOGRA51-CMY,poly3,0,0.3669,1.0919,8.7393,0.4915,795
FOGRA51-CMY,poly3,1,0.3665,1.1463,6.9199,0.4913,795
FOGRA51-CMY,poly3,2,0.369,1.0689,9.3978,0.4892,795
FOGRA51-CMY,poly3,3,0.3658,1.1355,8.0949,0.4949,795
FOGRA51-CMY,poly3,42,0.369,1.1351,8.251,0.4956,795
FOGRA51-CMY,svm,0,0.7954,1.8219,5.0175,0.9105,795
FOGRA51-CMY,svm,1,0.7882,1.7687,5.0977,0.8881,795
FOGRA51-CMY,svm,2,0.7905,1.8271,4.7973,0.8892,795
FOGRA51-CMY,svm,3,0.7951,1.8205,5.2865,0.9105,795
FOGRA51-CMY,svm,42,0.7931,1.8649,6.093,0.9114,795
FOGRA51-CMY,gaussian_process,0,0.057,0.1603,0.4691,0.0694,795
FOGRA51-CMY,gaussian_process,1,0.0591,0.1646,0.4833,0.071,795
FOGRA51-CMY,gaussian_process,2,0.0574,0.15,1.089,0.0703,795
FOGRA51-CMY,gaussian_process,3,0.0587,0.161,0.4854,0.07,795
FOGRA51-CMY,gaussian_process,42,0.0574,0.182,0.6788,0.072,795
FOGRA51-CMY,knn,0,1.8318,4.1382,8.6977,2.0576,795
FOGRA51-CMY,knn,1,1.8607,4.3455,10.3156,2.1331,795
FOGRA51-CMY,knn,2,1.9241,4.2229,9.9233,2.1193,795
FOGRA51-CMY,knn,3,1.9137,4.1417,12.0766,2.087,795
FOGRA51-CMY,knn,42,1.9072,4.2072,13.3537,2.1091,795
FOGRA51-CMY,mlp_deep,0,1.1516,4.5416,22.4043,1.6044,795
FOGRA51-CMY,mlp_deep,1,1.1729,4.42,14.3194,1.6003,795
FOGRA51-CMY,mlp_deep,2,1.2692,4.2517,16.5868,1.718,795
FOGRA51-CMY,mlp_deep,3,1.151,4.1923,18.1801,1.5524,795
FOGRA51-CMY,mlp_deep,42,1.0869,3.9741,12.6127,1.504,795
FOGRA51-CMYK,poly3,0,0.8012,6.5323,28.2676,1.7791,1588
FOGRA51-CMYK,poly3,1,0.8032,6.4819,30.4821,1.8038,1588
FOGRA51-CMYK,poly3,2,0.812,6.3737,28.7894,1.7628,1588
FOGRA51-CMYK,poly3,3,0.7969,6.3805,27.7785,1.7641,1588
FOGRA51-CMYK,poly3,42,0.8162,6.7325,29.2867,1.7797,1588
FOGRA51-CMYK,svm,0,1.024,4.5366,12.7257,1.4934,1588
FOGRA51-CMYK,svm,1,1.0341,4.4038,13.1712,1.5018,1588
FOGRA51-CMYK,svm,2,1.0098,4.41,13.0979,1.4839,1588
FOGRA51-CMYK,svm,3,0.9945,4.6988,13.3263,1.5051,1588
FOGRA51-CMYK,svm,42,0.998,4.818,13.1336,1.5112,1588
FOGRA51-CMYK,gaussian_process,0,0.0683,0.2805,3.9235,0.1178,1588
FOGRA51-CMYK,gaussian_process,1,0.0686,0.285,4.7517,0.1179,1588
FOGRA51-CMYK,gaussian_process,2,0.0697,0.2661,4.0905,0.1201,1588
FOGRA51-CMYK,gaussian_process,3,0.0681,0.2773,3.9545,0.1165,1588
FOGRA51-CMYK,gaussian_process,42,0.0686,0.2674,3.1527,0.1143,1588
FOGRA51-CMYK,knn,0,2.1726,5.8674,22.1652,2.6097,1588
FOGRA51-CMYK,knn,1,2.241,6.0114,23.4354,2.6831,1588
FOGRA51-CMYK,knn,2,2.156,5.9979,17.3611,2.6098,1588
FOGRA51-CMYK,knn,3,2.1662,5.9334,20.0654,2.6344,1588
FOGRA51-CMYK,knn,42,2.2272,5.9333,22.2289,2.6808,1588
FOGRA51-CMYK,mlp_deep,0,1.6746,10.7638,34.364,3.0279,1588
FOGRA51-CMYK,mlp_deep,1,1.6742,9.5617,26.8329,2.8285,1588
FOGRA51-CMYK,mlp_deep,2,1.5137,8.558,42.2145,2.6918,1588
FOGRA51-CMYK,mlp_deep,3,1.5958,10.3694,34.7229,2.8886,1588
FOGRA51-CMYK,mlp_deep,42,1.6785,9.5011,36.1394,2.8488,1588
