idx,de00
0,0.674034
1,1.264752
2,1.031001
3,0.594989
4,0.573352
5,1.303382
6,1.114935
7,0.778977
8,0.501429
9,0.375462
10,0.305563
11,0.325594
12,0.397451
13,0.270198
14,0.041229
15,0.660063
16,0.807047
17,0.477964
18,0.810714
19,0.824741
20,1.28866
21,1.36644
22,0.68701
23,0.756246
24,0.51501
25,0.521115
26,0.666346
27,0.65088
28,0.919189
29,1.203425
30,0.387097
31,0.567802
32,1.336744
33,1.143142
34,1.136753
35,0.808052
36,1.397581
37,1.151972
38,0.440339
39,0.59569
40,0.47023
41,1.659383
42,1.245591
43,0.749011
44,0.324117
45,1.001256
46,0.869066
47,0.84265
48,0.798937
49,1.226251
50,1.43139
51,1.047866
52,1.017828
53,0.751895
54,0.396102
55,0.353765
56,0.377031
57,0.356323
58,0.517874
59,0.324261
60,0.52186
61,1.25811
62,1.426033
63,0.995922
64,2.214119
65,1.754528
66,1.423781
67,4.037439
68,1.509092
69,0.736022
70,2.056885
71,0.786421
72,1.698629
73,0.95853
74,2.811209
75,1.184381
76,1.813647
77,0.560531
78,0.372643
79,0.787053
80,3.884152
81,2.373531
82,2.210082
83,0.517898
84,1.660242
85,14.269759
86,0.559807
87,2.624646
88,1.502717
89,5.252859
90,5.927245
91,2.100245
92,0.749448
93,0.853055
94,1.018735
95,0.449516
96,0.376058
97,0.426894
98,0.496369
99,0.408584
100,0.709532
101,0.525424
102,0.785949
103,0.80306
104,0.684844
105,0.163179
106,0.204598
107,0.272195
108,0.570228
109,0.316751
110,0.58144
111,0.573784
112,0.860822
113,0.583035
114,0.880942
115,0.996611
116,0.692256
117,0.774079
118,1.262257
119,1.121626
120,0.892287
121,0.422478
122,0.097586
123,0.583055
124,0.58478
125,0.940711
126,0.145352
127,0.389403
128,1.464519
129,1.357072
130,0.710222
131,0.392917
132,0.196702
133,0.854489
134,0.488694
135,0.654
136,0.808404
137,1.248984
138,1.589042
139,1.680351
140,0.900351
141,0.59738
142,0.435549
143,0.574349
144,1.003397
145,1.156748
146,1.606425
147,1.374328
148,1.163274
149,1.26568
150,1.515295
151,0.49634
152,1.553033
153,1.531925
154,1.085084
155,1.478144
156,1.239828
157,1.47396
158,1.637951
159,2.248418
160,1.568776
161,1.110829
162,0.956321
163,1.208803
164,0.841387
165,0.58754
166,1.442265
167,1.758829
168,1.816404
169,1.722493
170,1.634132
171,1.545492
172,1.126321
173,1.015282
174,1.920238
175,1.36333
176,0.484754
177,1.676298
178,1.912778
179,1.722479
180,0.604519
181,1.043587
182,0.836472
183,0.586327
184,0.262362
185,0.524365
186,1.439702
187,1.869025
188,1.62811
189,1.311488
190,1.072054
191,0.406139
192,0.78567
193,0.852988
194,0.559801
195,0.47434
196,0.848131
197,0.949451
198,2.249273
199,3.259289
200,3.9689
201,0.904303
202,2.757595
203,1.991168
204,0.492871
205,1.47128
206,0.953016
207,0.418125
208,0.236763
209,0.277229
210,0.68518
211,0.907496
212,0.833451
213,0.780506
214,1.124661
215,1.307507
216,1.76417
217,1.617252
218,0.493631
219,1.669371
220,1.195065
221,2.492606
222,1.331561
223,3.013776
224,5.903196
225,2.035265
226,0.918828
227,0.899183
228,1.394628
229,2.189136
230,2.265511
231,1.200782
232,2.822859
233,4.298209
234,1.897032
235,3.761953
236,5.613171
237,2.738135
238,4.231273
239,4.301267
240,2.381296
241,0.568835
242,7.313415
243,7.469803
244,4.483288
245,4.043581
246,5.062845
247,2.828172
248,2.708927
249,4.353497
250,3.32165
251,5.989262
252,8.934089
253,8.243414
254,8.189377
255,10.433968
256,4.081078
257,4.245326
258,5.697951
259,1.305665
260,7.076398
261,3.473858
262,1.49168
263,1.541439
264,4.735002
265,2.972475
266,0.926455
267,4.454019
268,2.464157
269,11.958674
270,1.398726
271,3.088251
272,1.595512
273,4.794783
274,9.981391
275,8.337236
276,3.369306
277,5.273671
278,0.904733
279,4.53239
280,10.822381
281,8.666606
282,8.253581
283,4.54881
284,8.88719
285,3.102276
286,3.207824
287,0.741323
288,1.343179
289,3.949854
290,2.075446
291,5.326241
292,1.746013
293,1.732025
294,0.703759
295,5.960828
296,3.34598
297,4.209447
298,0.902949
299,0.603765
300,0.571763
301,0.979843
302,0.966207
303,0.663641
304,0.652802
305,0.55284
306,1.818518
307,1.091694
308,1.286143
309,1.305458
310,0.647559
311,1.433524
312,0.80209
313,0.179866
314,2.285145
315,0.74356
316,0.485139
317,1.437054
318,1.154833
319,0.725639
320,0.998503
321,1.385012
322,0.602874
323,0.524837
324,0.334205
325,0.54405
326,0.763042
327,0.454557
328,0.7639
329,2.066871
330,1.291504
331,0.667804
332,0.588935
333,0.473164
334,0.975146
335,1.713431
336,0.331658
337,1.044196
338,0.715591
339,0.625413
340,0.57907
341,0.845635
342,1.377573
343,1.47955
344,0.72931
345,0.692788
346,0.546024
347,0.375014
348,1.371578
349,1.223634
350,0.713721
351,0.510801
352,0.475602
353,1.391299
354,0.516423
355,0.742826
356,0.496307
357,0.340992
358,0.530263
359,1.574936
360,0.391965
361,0.876556
362,0.624741
363,0.589216
364,0.54869
365,0.416963
366,1.297331
367,0.510271
368,1.512644
369,2.198712
370,1.887459
371,1.59218
372,1.183786
373,0.516535
374,1.23368
375,0.311419
376,1.101939
377,0.711799
378,1.622869
379,1.463803
380,0.884598
381,1.336505
382,1.242767
383,0.446782
384,1.495709
385,0.876989
386,1.176686
387,0.580626
388,1.079234
389,1.790327
390,1.900571
391,1.134437
392,0.73595
393,1.357067
394,1.052484
395,0.601127
396,0.656308
397,0.686029
398,0.590253
399,0.730823
400,2.417921
401,1.466461
402,0.584418
403,0.515545
404,0.384836
405,0.481219
406,0.398433
407,0.766111
408,0.802323
409,0.477532
410,0.839041
411,0.291153
412,0.270487
413,0.467501
414,0.406425
415,0.358214
416,0.639488
417,0.950229
418,0.159904
419,0.504807
420,0.473196
421,0.267809
422,0.384443
423,0.20685
424,1.333772
425,0.492708
426,1.128064
427,0.617938
428,0.511298
429,0.505718
430,1.629306
431,1.158653
432,1.481308
433,0.934532
434,1.058787
435,1.040689
436,1.148253
437,1.259708
438,0.769276
439,1.18566
440,0.869405
441,0.538269
442,0.611324
443,1.041304
444,0.863015
445,0.816215
446,1.030969
447,1.290775
448,0.667818
449,1.067398
450,1.357913
451,0.925908
452,1.779958
453,2.149712
454,2.832897
455,2.176561
456,1.494991
457,0.456757
458,0.510998
459,0.892843
460,1.202205
461,1.041003
462,1.030546
463,1.158791
464,1.160669
465,1.173046
466,1.454101
467,0.490646
468,0.528963
469,0.989754
470,1.056881
471,1.331067
472,1.538458
473,1.676461
474,1.416144
475,1.291445
476,1.657778
477,0.629371
478,1.085806
479,1.145677
480,0.961789
481,0.99041
482,1.381847
483,1.533939
484,1.148837
485,1.688185
486,1.584159
487,0.996776
488,1.098269
489,1.067387
490,0.69809
491,0.437247
492,0.806991
493,0.931488
494,1.167726
495,1.298797
496,1.540227
497,1.089857
498,0.778971
499,0.960966
500,2.172321
501,0.538875
502,0.229989
503,0.614596
504,1.18838
505,0.566634
506,1.055947
507,0.527611
508,0.330289
509,0.65705
510,0.615137
511,1.13226
512,0.368051
513,0.791302
514,0.810114
515,0.613014
516,0.615376
517,1.579813
518,0.932195
519,0.776217
520,0.538857
521,1.073409
522,1.328681
523,1.049381
524,1.341651
525,0.487131
526,0.709129
527,2.116614
528,1.516286
529,2.616889
530,0.649345
531,1.574513
532,1.414727
533,0.771463
534,1.444428
535,1.716908
536,1.129738
537,1.583012
538,1.76963
539,0.929287
540,1.162496
541,1.13117
542,0.664467
543,0.572197
544,1.549161
545,0.605374
546,0.847208
547,1.144568
548,2.389427
549,1.230415
550,3.222953
551,1.729418
552,1.740031
553,1.588771
554,0.74785
555,1.09986
556,1.397099
557,0.986026
558,1.040375
559,0.139576
560,0.720941
561,0.922945
562,0.586793
563,1.00152
564,1.654431
565,1.171023
566,0.915697
567,1.311498
568,0.901814
569,0.934443
570,0.774046
571,1.141262
572,1.692583
573,1.25168
574,0.318831
575,0.6161
576,0.813284
577,1.098469
578,0.749067
579,0.552655
580,1.146224
581,1.383395
582,0.9591
583,1.904942
584,0.680267
585,1.100721
586,1.337935
587,0.618155
588,1.275131
589,1.111972
590,1.250743
591,0.862121
592,0.64325
593,0.571591
594,0.521993
595,0.551746
596,1.093744
597,1.529268
598,1.893949
599,2.757731
600,0.549614
601,0.692721
602,0.555347
603,1.012608
604,0.766206
605,1.290872
606,1.461864
607,1.737383
608,2.524284
609,2.851186
610,2.243191
611,1.148319
612,0.962362
613,1.326563
614,1.404419
615,1.705129
616,1.259235
617,1.497096
618,1.943486
619,1.488366
620,0.393437
621,1.998211
622,1.46634
623,1.001855
624,1.135571
625,2.293731
626,1.805496
627,1.04158
628,2.062783
629,1.977483
630,0.42769
631,0.475193
632,1.206517
633,1.408019
634,1.565795
635,1.433918
636,0.528209
637,0.65024
638,0.724857
639,0.911132
640,0.602329
641,0.775085
642,1.226404
643,1.080468
644,1.113669
645,0.755126
646,0.912471
647,1.092887
648,0.930587
649,1.45817
650,3.375231
651,1.313919
652,0.640718
653,0.993771
654,0.950907
655,0.958786
656,1.028184
657,0.947461
658,0.723093
659,1.515257
660,1.546167
661,0.612996
662,1.365207
663,2.210818
664,0.625389
665,0.510567
666,0.466189
667,0.610904
668,0.956368
669,1.555703
670,1.119832
671,1.6643
672,0.357645
673,0.818176
674,0.76745
675,1.18419
676,0.492941
677,0.866756
678,0.244052
679,0.498031
680,0.745529
681,0.457386
682,0.638135
683,0.489257
684,0.968169
685,1.057992
686,1.079832
687,0.683117
688,0.542655
689,1.425066
690,1.119853
691,1.371568
692,0.541359
693,0.705213
694,1.41935
695,0.848225
696,1.413776
697,2.136063
698,3.815426
699,2.939121
700,3.090264
701,1.371348
702,2.020095
703,1.340201
704,2.576655
705,1.865963
706,1.861803
707,1.778264
708,1.756266
709,2.615027
710,1.457256
711,0.93412
712,0.824644
713,0.895584
714,1.908731
715,1.151009
716,1.601466
717,2.366911
718,2.59479
719,2.584197
720,2.625587
721,1.721374
722,1.436135
723,0.857715
724,0.477992
725,1.039454
726,1.564569
727,1.110564
728,1.266251
729,0.939294
730,1.170815
731,1.041879
732,1.195777
733,0.555686
734,0.142859
735,0.98273
736,0.663758
737,1.002568
738,1.927243
739,1.700927
740,1.192615
741,0.332198
742,0.622618
743,0.702473
744,0.364563
745,0.812189
746,1.025068
747,1.634106
748,0.910021
749,0.904019
750,1.149126
751,0.804918
752,0.819128
753,0.885576
754,0.229724
755,0.372435
756,0.571166
757,1.12143
758,0.683198
759,1.09454
760,0.292242
761,0.537421
762,0.675602
763,0.689759
764,0.990372
765,0.970581
766,2.487956
767,1.339541
768,0.884183
769,1.521364
770,1.01123
771,0.944201
772,2.310617
773,1.861985
774,1.417578
775,1.049543
776,0.669808
777,2.134212
778,2.726673
779,1.432763
780,0.978579
781,0.916068
782,0.636868
783,0.510219
784,1.682371
785,1.555202
786,1.035622
787,3.702438
788,2.613877
789,1.146492
790,1.039602
791,0.721702
792,0.15784
793,1.106903
794,0.663158
795,0.866654
796,2.328914
797,3.652685
798,4.362005
799,4.452462
800,1.63352
801,0.746207
802,1.3886
803,1.159121
804,0.444238
805,1.0199
806,1.459725
807,1.67734
808,3.501803
809,2.283687
810,1.250912
811,0.608346
812,0.574467
813,0.6656
814,0.739446
815,0.951822
816,0.700333
817,0.741763
818,1.381293
819,2.119347
820,1.296199
821,0.553231
822,0.125873
823,0.746805
824,0.454485
825,0.411078
826,0.846179
827,0.295686
828,0.42235
829,0.806663
830,0.375479
831,0.234046
832,0.948361
833,0.752426
834,0.464149
835,0.365258
836,0.854667
837,1.68116
838,0.1605
839,0.415748
840,1.602047
841,0.983044
842,0.544302
843,0.502006
844,0.19426
845,0.413789
846,0.56001
847,1.469736
848,1.993008
849,2.374167
850,0.911042
851,0.906033
852,1.323676
853,0.470155
854,2.12898
855,2.134972
856,0.339362
857,1.222092
858,1.911656
859,1.473164
860,1.828414
861,1.706294
862,1.751235
863,1.429234
864,1.936898
865,1.181324
866,1.240087
867,2.281445
868,1.769286
869,1.440615
870,0.140483
871,1.457618
872,2.277739
873,1.862426
874,1.987392
875,0.287351
876,0.66226
877,0.906152
878,1.599831
879,0.74785
880,1.799212
881,1.088629
882,0.432811
883,1.424523
884,1.557722
885,1.536217
886,1.810807
887,2.025196
888,3.39449
889,3.702575
890,3.210186
891,1.237703
892,0.208832
893,0.543009
894,0.734761
895,1.178451
896,0.686803
897,0.289266
898,0.83506
899,2.201359
900,2.619152
901,1.202906
902,0.830719
903,0.909547
904,0.887074
905,1.041442
906,0.596735
907,0.516179
908,0.801231
909,1.265688
910,0.394253
911,0.805824
912,0.855289
913,0.351708
914,0.664194
915,0.582191
916,0.297729
917,0.377686
918,0.38975
919,0.464731
920,1.10023
921,1.458438
922,1.472017
923,0.820932
924,0.611593
925,0.700967
926,0.45257
927,2.302345
928,0.419883
929,1.159247
930,1.624453
931,1.689478
932,1.524781
933,1.596856
934,2.109789
935,1.650979
936,1.380196
937,1.266681
938,0.695302
939,0.713946
940,0.130323
941,0.480255
942,1.027299
943,0.554777
944,0.925001
945,1.42485
946,2.025883
947,2.873939
948,2.78608
949,2.2952
950,0.775279
951,1.019408
952,0.560899
953,1.635882
954,0.291248
955,2.10309
956,1.336115
957,0.945375
958,1.030148
959,1.307455
960,2.533968
961,2.145229
962,0.696358
963,1.11701
964,0.676499
965,1.231052
966,0.973041
967,2.573618
968,3.43225
969,2.614574
970,1.59774
971,0.686631
972,0.557042
973,0.273197
974,0.710928
975,0.256933
976,2.412705
977,1.960687
978,2.383942
979,2.995176
980,1.053124
981,0.643253
982,0.538942
983,0.771253
984,0.153662
985,0.89717
986,0.245748
987,0.54256
988,1.027929
989,0.468324
990,0.209021
991,0.331076
992,0.444172
993,0.094745
994,0.369893
995,0.246808
996,1.693484
997,0.862222
998,0.526365
999,1.191157
1000,1.456289
1001,1.382897
1002,0.612979
1003,0.78747
1004,0.669558
1005,2.510547
1006,1.08312
1007,0.897085
1008,1.265309
1009,1.768753
1010,0.410647
1011,0.871165
1012,1.13899
1013,0.989298
1014,4.011724
1015,4.623777
1016,1.28887
1017,0.880095
1018,1.04006
1019,0.657664
1020,1.329846
1021,2.340355
1022,0.681863
1023,3.872921
1024,0.730497
1025,0.542703
1026,1.437341
1027,0.927836
1028,2.087352
1029,2.634853
1030,0.808355
1031,1.25218
1032,1.809088
1033,0.954216
1034,0.811613
1035,0.837981
1036,0.812038
1037,0.980803
1038,2.43138
1039,0.425645
1040,0.805243
1041,1.812618
1042,0.941869
1043,1.754011
1044,1.067498
1045,1.249108
1046,1.240061
1047,1.113461
1048,0.569179
1049,0.535968
1050,1.14658
1051,1.546788
1052,1.069178
1053,2.960461
1054,0.340009
1055,1.79406
1056,1.885029
1057,1.512833
1058,0.727078
1059,0.849084
1060,0.572101
1061,0.632956
1062,0.476415
1063,0.751871
1064,0.930451
1065,1.284143
1066,1.087854
1067,0.708757
1068,0.255447
1069,0.630816
1070,1.420458
1071,1.052634
1072,0.522695
1073,0.785742
1074,0.209943
1075,1.106738
1076,0.729648
1077,0.764067
1078,0.402877
1079,1.264597
1080,0.611964
1081,1.511706
1082,0.824297
1083,1.865203
1084,1.313303
1085,0.991019
1086,1.197367
1087,1.183405
1088,0.8492
1089,0.670426
1090,0.128696
1091,0.428526
1092,0.989705
1093,0.725125
1094,0.742583
1095,0.879462
1096,0.690656
1097,0.532937
1098,1.363167
1099,1.081081
1100,1.220062
1101,1.110855
1102,1.041264
1103,1.433899
1104,1.855793
1105,0.990511
1106,0.971201
1107,1.378504
1108,0.780962
1109,1.043972
1110,1.355831
1111,0.552334
1112,0.214293
1113,0.63056
1114,1.593298
1115,1.188995
1116,0.705813
1117,1.460688
1118,0.931563
1119,1.441245
1120,0.950518
1121,0.268833
1122,1.249689
1123,1.307975
1124,0.985442
1125,3.116216
1126,1.132136
1127,1.750251
1128,0.887071
1129,0.543789
1130,1.723843
1131,2.224124
1132,0.499121
1133,0.468407
1134,1.322566
1135,1.687994
1136,0.893158
1137,1.857154
1138,1.504684
1139,0.97997
1140,0.920192
1141,1.522834
1142,1.759494
1143,2.341293
1144,1.515093
1145,1.633687
1146,3.115496
1147,2.036316
1148,2.793841
1149,2.552488
1150,1.550475
1151,1.25876
1152,1.769506
1153,0.556582
1154,0.089243
1155,0.411308
1156,0.693656
1157,2.585775
1158,2.207082
1159,1.807738
1160,1.936704
1161,1.699817
1162,3.225061
1163,1.934484
1164,0.62317
1165,0.665912
1166,1.456769
1167,2.781771
1168,2.736793
1169,3.852054
1170,2.039157
1171,0.68402
1172,0.250789
1173,0.134272
1174,1.290806
1175,3.060922
1176,0.655096
1177,0.140148
1178,0.947309
1179,1.791739
1180,1.429572
1181,0.734484
1182,3.067787
1183,2.348296
1184,3.065085
1185,4.045409
1186,2.687854
1187,2.188533
1188,0.868908
1189,0.595617
1190,1.774754
1191,1.109127
1192,2.097149
1193,3.09051
1194,1.584022
1195,1.662059
1196,3.482877
1197,2.181652
1198,2.533188
1199,2.157313
1200,1.462328
1201,1.662485
1202,1.819721
1203,1.802889
1204,1.132599
1205,0.83872
1206,1.248932
1207,2.491904
1208,1.515142
1209,1.234061
1210,0.596093
1211,1.03764
1212,2.126643
1213,1.578264
1214,0.796916
1215,0.838931
1216,0.86493
1217,0.930221
1218,0.716323
1219,1.836256
1220,1.645499
1221,0.65677
1222,0.484258
1223,1.063241
1224,2.422037
1225,2.180365
1226,2.903282
1227,0.119758
1228,0.404591
1229,1.079171
1230,0.399922
1231,1.65713
1232,0.996225
1233,0.963777
1234,1.359861
1235,2.140547
1236,1.359293
1237,0.944562
1238,3.952682
1239,1.349455
1240,1.927548
1241,1.408597
1242,1.474942
1243,2.755022
1244,1.221077
1245,1.15606
1246,3.374971
1247,2.663459
1248,2.703184
1249,2.767734
1250,5.968769
1251,2.293547
1252,3.7698
1253,3.419884
1254,1.746123
1255,2.422052
1256,2.219562
1257,1.719534
1258,1.967552
1259,0.50976
1260,0.96238
1261,2.577508
1262,1.582728
1263,2.354603
1264,1.805003
1265,2.177865
1266,1.207861
1267,1.724003
1268,2.441579
1269,1.643087
1270,2.622926
1271,1.443531
1272,0.362345
1273,1.491169
1274,3.3398
1275,4.464419
1276,1.446947
1277,1.63154
1278,0.367687
1279,0.854286
1280,0.651746
1281,0.592972
1282,1.446364
1283,0.43931
1284,0.772983
1285,0.903853
1286,1.683019
1287,0.888302
1288,0.613067
1289,0.632962
1290,0.593563
1291,0.900669
1292,2.385664
1293,2.711004
1294,2.292669
1295,1.008989
1296,1.314616
1297,0.638711
1298,0.742041
1299,0.505821
1300,4.075731
1301,3.680509
1302,1.496006
1303,0.615623
1304,1.124135
1305,1.462122
1306,1.188495
1307,0.633294
1308,0.951464
1309,0.355264
1310,0.32807
1311,0.973948
1312,0.39559
1313,1.021504
1314,0.764293
1315,0.571405
1316,0.605627
1317,0.433609
1318,0.662461
1319,0.693664
1320,1.277454
1321,1.674824
1322,0.600139
1323,0.874315
1324,0.524024
1325,1.101082
1326,0.83079
1327,0.733274
1328,0.104715
1329,0.331781
1330,0.493455
1331,0.708749
1332,0.527088
1333,1.020035
1334,0.189414
1335,0.150034
1336,0.657159
1337,0.931842
1338,0.645045
1339,0.560879
1340,0.434378
1341,1.024126
1342,1.287736
1343,0.415921
1344,0.826598
1345,0.888065
1346,0.967983
1347,0.470503
1348,0.504048
1349,0.455381
1350,1.522082
1351,1.133186
1352,0.809828
1353,1.263363
1354,1.362081
1355,0.675074
1356,1.350519
1357,1.419304
1358,1.358467
1359,0.267777
1360,0.315947
1361,0.612145
1362,0.926329
1363,0.940604
1364,1.052223
1365,0.263765
1366,0.139354
1367,0.54652
1368,0.123737
1369,0.389431
1370,1.021728
1371,0.198107
1372,0.722478
1373,0.833354
1374,0.8233
1375,0.894955
1376,0.678991
1377,0.40034
1378,0.350162
1379,0.614725
1380,1.367547
1381,0.781868
1382,0.770139
1383,0.981488
1384,0.741267
1385,1.34128
1386,1.223745
1387,0.587775
1388,0.833362
1389,0.56616
1390,0.63103
1391,1.553063
1392,2.002415
1393,0.644962
1394,0.503186
1395,0.808557
1396,0.370887
1397,0.91114
1398,1.028876
1399,0.832575
1400,2.197071
1401,1.816177
1402,1.870706
1403,1.437227
1404,1.0736
1405,1.92464
1406,1.838697
1407,0.71706
1408,1.43411
1409,0.794187
1410,1.201582
1411,0.942245
1412,2.082053
1413,3.120835
1414,1.269772
1415,1.703617
1416,2.14981
1417,1.647606
1418,0.734781
1419,0.791904
1420,0.593073
1421,1.521133
1422,1.558122
1423,0.771297
1424,1.07329
1425,1.65501
1426,2.175824
1427,0.382432
1428,2.389236
1429,1.294064
1430,0.811049
1431,1.031242
1432,1.265769
1433,0.843148
1434,0.258569
1435,0.453583
1436,4.143413
1437,0.767611
1438,2.033853
1439,0.720413
1440,0.7059
1441,1.554341
1442,2.636951
1443,0.933337
1444,1.577077
1445,1.396284
1446,0.399602
1447,0.54225
1448,0.364874
1449,1.324463
1450,1.911913
1451,0.380739
1452,0.696499
1453,0.872623
1454,0.401965
1455,0.603204
1456,0.870172
1457,0.848905
1458,1.043055
1459,3.674109
1460,0.569034
1461,0.296548
1462,0.497228
1463,1.767524
1464,0.728799
1465,1.542286
1466,0.862691
1467,0.366254
1468,1.563052
1469,2.235173
1470,1.624381
1471,1.1443
1472,0.937295
1473,1.218548
1474,0.642098
1475,1.638157
1476,0.829701
1477,0.264165
1478,1.485946
1479,0.841983
1480,0.239367
1481,0.453803
1482,0.421359
1483,0.309745
1484,1.57946
1485,1.484059
1486,0.343736
1487,0.761858
1488,0.840825
1489,1.375055
1490,1.158539
1491,1.721828
1492,1.756126
1493,1.271839
1494,0.852511
1495,1.411855
1496,1.11306
1497,2.947923
1498,3.915517
1499,2.216827
1500,1.784599
1501,1.007461
1502,1.221298
1503,0.733327
1504,1.202419
1505,1.249061
1506,0.881278
1507,1.004058
1508,0.97637
1509,0.471855
1510,1.244636
1511,1.020252
1512,0.663714
1513,0.521356
1514,1.981481
1515,2.153731
1516,1.683066
1517,0.724732
1518,1.616226
1519,1.422078
1520,1.251107
1521,1.062907
1522,2.192173
1523,0.747646
1524,0.472316
1525,0.875153
1526,0.710166
1527,0.302835
1528,0.493451
1529,0.262663
1530,1.522882
1531,1.173311
1532,0.897283
1533,0.977064
1534,1.831579
1535,1.297376
1536,0.946945
1537,2.435135
1538,2.014858
1539,0.842956
1540,0.884771
1541,0.605129
1542,1.067951
1543,1.009309
1544,1.070439
1545,1.542212
1546,1.992296
1547,3.138004
1548,2.455213
1549,1.393988
1550,2.305736
1551,1.242914
1552,1.292367
1553,0.819555
1554,0.540046
1555,0.676345
1556,0.802154
1557,0.175087
1558,0.657677
1559,0.426504
1560,0.217686
1561,0.44937
1562,0.480839
1563,0.546045
1564,1.382346
1565,0.314145
1566,1.529281
1567,2.574704
1568,0.29324
1569,1.251654
1570,0.152373
1571,0.500227
1572,0.593405
1573,0.689888
1574,1.041282
1575,1.286591
1576,1.090233
1577,1.748362
1578,0.400372
1579,1.388382
1580,1.854469
1581,1.693202
1582,0.915359
1583,0.200763
1584,0.271763
1585,0.244167
1586,0.670855
1587,0.565334
1588,0.37403
1589,0.875465
1590,0.262816
1591,0.789674
1592,1.660622
1593,2.654713
1594,3.815703
1595,0.448064
1596,1.598553
1597,0.287603
1598,1.339335
1599,0.896033
1600,2.042919
1601,3.509115
1602,3.494217
1603,2.22964
1604,0.883651
1605,2.40113
1606,1.634698
1607,1.829797
1608,1.842753
1609,0.803268
1610,0.576155
1611,0.968294
1612,0.990945
1613,0.943895
1614,0.441254
1615,0.249184
1616,0.805065
1617,0.790704
1618,0.692714
1619,1.044513
1620,1.132152
1621,0.140413
1622,1.037313
1623,1.310294
1624,0.790478
1625,2.207272
1626,1.209774
1627,0.526606
1628,0.88866
1629,0.248905
1630,0.553948
1631,1.161914
1632,0.799055
1633,0.738694
1634,0.753577
1635,0.409299
1636,0.98675
1637,1.343407
1638,1.165859
1639,0.674359
1640,1.025039
1641,0.510566
1642,1.502559
1643,1.959635
1644,0.57878
1645,0.545784
1646,0.797999
1647,0.616728
1648,1.53752
1649,0.43691
1650,2.516683
1651,3.493206
1652,2.272047
1653,1.817712
1654,0.378713
1655,0.677612
1656,0.395482
1657,0.787345
1658,0.696703
1659,0.747591
1660,1.387616
1661,1.690853
1662,0.779214
1663,1.035656
1664,0.654566
1665,0.473048
1666,0.966898
1667,0.578169
1668,0.928924
1669,0.295692
1670,1.137446
1671,0.330454
1672,2.818597
1673,0.603617
1674,1.839397
1675,0.429859
1676,1.962369
1677,0.883321
1678,1.377803
1679,0.428932
1680,0.342814
1681,0.211839
1682,1.229159
1683,0.272703
1684,1.4014
1685,0.212539
1686,3.738868
1687,1.076294
1688,2.150694
1689,0.268338
1690,2.849927
1691,0.91156
1692,1.461279
1693,0.495457
1694,0.456495
1695,0.249515
1696,0.627008
1697,0.570997
1698,2.631267
1699,0.441564
1700,2.926658
1701,0.821426
1702,0.353115
1703,1.368121
1704,0.701932
1705,1.253033
1706,0.68001
1707,1.156792
1708,2.616241
1709,0.505539
1710,1.60113
1711,0.208599
1712,2.986292
1713,0.406035
1714,1.919522
1715,0.44018
1716,1.636207
1717,0.18668
1718,0.677421
1719,0.410318
1720,0.917186
1721,0.696363
1722,0.714546
1723,0.531807
1724,0.358124
1725,2.126254
1726,0.178654
1727,0.187904
1728,0.736851
1729,2.742842
1730,0.620611
1731,1.337003
1732,0.668335
1733,0.905549
1734,0.862833
1735,0.947038
1736,0.496115
1737,0.548412
1738,0.731716
1739,1.308253
1740,0.344952
1741,0.772919
1742,1.689306
1743,0.760138
1744,0.5043
1745,1.981653
1746,0.286249
1747,0.672482
1748,0.547987
1749,0.652067
1750,0.677917
1751,0.414035
1752,1.417456
1753,0.728319
1754,0.38985
1755,0.291584
1756,0.93801
1757,1.313822
1758,2.424228
1759,0.603832
1760,0.465765
1761,0.649695
1762,0.392837
1763,0.74942
1764,2.02051
1765,0.646888
1766,1.40151
1767,0.405856
1768,1.68302
1769,0.611867
1770,2.562817
1771,0.194695
1772,1.434746
1773,0.730352
1774,2.304143
1775,0.51702
1776,0.704257
1777,0.765251
1778,0.579063
1779,1.374138
1780,0.608059
1781,1.055726
1782,0.512544
1783,0.551873
1784,0.298419
1785,1.408307
1786,0.203409
1787,0.605298
1788,0.687257
1789,0.382515
1790,1.139119
1791,0.516473
1792,0.773391
1793,0.625603
1794,2.495069
1795,0.176193
1796,0.749485
1797,0.422496
1798,1.37984
1799,0.683848
1800,2.356074
1801,0.349723
1802,1.36018
1803,0.357881
1804,1.173379
1805,1.199264
1806,1.154829
1807,0.922944
1808,0.508622
1809,0.787573
1810,0.704768
1811,2.587116
1812,0.425962
1813,1.82666
1814,0.762242
1815,1.852477
1816,0.967824
1817,1.208526
1818,0.900017
1819,1.589394
1820,0.656907
1821,1.391571
1822,0.555053
1823,0.589404
1824,0.375379
1825,0.502073
1826,0.820956
1827,0.535481
1828,1.858936
1829,0.395513
1830,1.421072
1831,0.613874
1832,0.957711
1833,0.722547
1834,1.091382
1835,0.49186
1836,2.811754
1837,0.37528
1838,0.59108
1839,0.358909
1840,0.490376
1841,0.666765
1842,1.102183
1843,0.614238
1844,2.568816
1845,0.71673
1846,1.406421
1847,0.777968
1848,2.068515
1849,0.926063
1850,2.641588
1851,0.555406
1852,1.134989
1853,0.653566
1854,1.124853
1855,0.94488
1856,0.8444
1857,0.369677
1858,0.749961
1859,1.874846
1860,1.624508
1861,1.663347
1862,3.659124
1863,0.452336
1864,0.647439
1865,0.876844
1866,1.110388
1867,0.654649
1868,1.599844
1869,1.173785
1870,0.473796
1871,0.895884
1872,1.918823
1873,1.402533
1874,1.536782
1875,0.915983
1876,1.230096
1877,0.614148
1878,0.667452
1879,0.716424
1880,1.326641
1881,1.030225
1882,1.702745
1883,2.459021
1884,2.264443
1885,0.897477
1886,1.075636
1887,1.752977
1888,0.657108
1889,2.333606
1890,1.572373
1891,0.572382
1892,1.573676
1893,0.728386
1894,1.141373
1895,0.537613
1896,0.842566
1897,1.831154
1898,0.901961
1899,0.754284
1900,0.761603
1901,1.558386
1902,0.757266
1903,0.832955
1904,0.842072
1905,0.466788
1906,0.762452
1907,1.753998
1908,0.826548
1909,0.465223
1910,1.021209
1911,0.395426
1912,1.591414
1913,2.147414
1914,1.001598
1915,1.701529
1916,1.662695
1917,1.626317
1918,0.819275
1919,0.846584
1920,0.482691
1921,1.85646
1922,0.754494
1923,1.280436
1924,1.037332
1925,3.048179
1926,0.617294
1927,0.164973
1928,1.041158
1929,1.376688
1930,0.47463
1931,0.605167
1932,0.670609
1933,0.742034
1934,0.19382
1935,0.455072
1936,0.791386
1937,0.299926
1938,0.457419
1939,1.329733
1940,0.690121
1941,0.335412
1942,0.574682
1943,1.253293
1944,0.967332
1945,0.792794
1946,0.309004
1947,0.967674
1948,0.367808
1949,0.459049
1950,0.635644
1951,0.540419
1952,0.356718
1953,2.0542
1954,0.435094
1955,0.197222
1956,0.687259
1957,0.468554
1958,0.897373
1959,0.550874
1960,1.171562
1961,0.693333
1962,0.430838
1963,0.713583
1964,0.473736
1965,1.481419
1966,0.845388
1967,0.907192
1968,0.484638
1969,0.874283
1970,0.401776
1971,0.408011
1972,2.217241
1973,0.271802
1974,1.596276
1975,1.626308
1976,0.460869
1977,0.326979
1978,1.641504
1979,0.700234
1980,0.502653
1981,1.283292
1982,1.319574
1983,1.05894
1984,0.845148
1985,0.977463
1986,0.857645
1987,0.836064
1988,1.010128
1989,0.760567
1990,0.986619
1991,0.84953
1992,0.935608
1993,0.962158
1994,0.79274
1995,0.865241
1996,0.847391
1997,0.900523
1998,1.002132
1999,0.792654
