ISO28178,,,,,,,
,,,,,,,
DESCRIPTOR,APTEC_PC11_CCNB_2023_v1,,,,,,
ORIGINATOR,"Advanced Printing Technology Centre (APTEC), http://aptec.hkprinters.org/en/index.html",,,,,,
CREATED,Jul-23,,,,,,
TARGET_TYPE,ISO12642-2,,,,,,
INSTRUMENTATION,"D50, 2 degree, geometry 45/0, no polarisation filter, white backing, according to ISO 13655:2009 M1",,,,,,
PRINT_CONDITIONS,Sheet-fed offset printing according to ISO 12647-2:2013 Printing Substrate 11 Clay Coated News Back(CCNB),,,,,,
MEASUREMENT_SOURCE,"MeasurementCondition=M1	Filter=D50",,,,,,
ILLUMINATION_NAME,D50,,,,,,
OBSERVER_ANGLE,2,,,,,,
FILTER,M1,,,,,,
WEIGHTING_FUNCTION,"ILLUMINANT,	D50",,,,,,
WEIGHTING_FUNCTION,"OBSERVER,	2 degree",,,,,,
KEYWORD,TRACEABILITY,,,,,,
TRACEABILITY,NIST,,,,,,
,,,,,,,
NUMBER_OF_FIELDS,8,,,,,,
BEGIN_DATA_FORMAT,,,,,,,
SAMPLE_ID,CMYK_C,CMYK_M,CMYK_Y,CMYK_K,LAB_L,LAB_A,LAB_B
END_DATA_FORMAT,,,,,,,
,,,,,,,
NUMBER_OF_SETS,1617,,,,,,
BEGIN_DATA,,,,,,,
1,0,100,20,0,48.02,72.76,7.22
2,0,85,20,0,54.16,60.8,5.82
3,0,70,20,0,60.64,48.8,5.74
4,0,55,20,0,67.35,37.17,6.84
5,0,40,20,0,74.27,25.94,8.78
6,0,30,20,0,78.94,18.77,10.36
7,0,20,20,0,83.69,11.78,12.27
8,0,10,20,0,88.52,5.1,14.57
9,0,0,20,0,93.38,-1.32,17
10,0,100,10,0,48.02,73.81,2.57
11,0,85,10,0,54.28,62.08,0.19
12,0,70,10,0,60.88,50.11,-0.59
13,0,55,10,0,67.77,38.39,-0.11
14,0,40,10,0,74.84,27.11,1.26
15,0,30,10,0,79.6,19.91,2.51
16,0,20,10,0,84.42,12.93,4.03
17,0,10,10,0,89.3,6.17,5.84
18,0,0,10,0,94.21,-0.25,7.94
19,0,100,0,0,48.02,75,-2.04
20,0,85,0,0,54.42,63.27,-5.15
21,0,70,0,0,61.13,51.57,-6.86
22,0,55,0,0,68.18,39.81,-7
23,0,40,0,0,75.4,28.51,-6.22
24,0,30,0,0,80.27,21.26,-5.31
25,0,20,0,0,85.18,14.27,-4.11
26,0,10,0,0,90.13,7.52,-2.68
27,0,0,0,0,95.08,1.04,-1.06
28,0,100,0,20,39.86,62.66,-3.64
29,0,70,0,20,51.23,42.32,-6.43
30,0,40,0,20,62.83,23.38,-5.74
31,0,20,0,20,70.73,11.61,-4.02
32,0,10,0,20,74.74,6.02,-2.91
33,0,0,0,20,78.75,0.61,-1.64
34,10,100,20,0,45.21,67.99,2.22
35,10,85,20,0,51.21,56.05,0.93
36,10,70,20,0,57.69,43.96,1.04
37,10,55,20,0,64.2,32.48,2.14
38,10,40,20,0,70.9,21.41,4.02
39,10,30,20,0,75.43,14.31,5.59
40,10,20,20,0,80.06,7.37,7.45
41,10,10,20,0,84.7,0.83,9.58
42,10,0,20,0,89.24,-5.41,11.52
43,10,100,10,0,45.23,69.1,-2.39
44,10,85,10,0,51.34,57.42,-4.63
45,10,70,10,0,57.95,45.36,-5.2
46,10,55,10,0,64.63,33.8,-4.69
47,10,40,10,0,71.47,22.7,-3.37
48,10,30,10,0,76.1,15.58,-2.14
49,10,20,10,0,80.79,8.66,-0.66
50,10,10,10,0,85.49,2.04,0.97
51,10,0,10,0,90.08,-4.18,2.58
52,10,100,0,0,45.4,70.01,-6.97
53,10,85,0,0,51.64,58.36,-9.91
54,10,70,0,0,58.31,46.51,-11.18
55,10,55,0,0,65.12,35,-11.31
56,10,40,0,0,72.08,23.93,-10.6
57,10,30,0,0,76.77,16.84,-9.76
58,10,20,0,0,81.52,9.96,-8.64
59,10,10,0,0,86.29,3.35,-7.38
60,10,0,0,0,91.01,-2.81,-6.41
61,10,100,0,20,37.75,58.7,-7.59
62,10,70,0,20,48.94,38.22,-10.09
63,10,40,0,20,60.16,19.55,-9.45
64,10,20,0,20,67.81,7.95,-7.85
65,10,10,0,20,71.67,2.45,-6.84
66,10,0,0,20,75.56,-2.84,-5.86
67,20,100,20,0,42.48,63.04,-2.56
68,20,85,20,0,48.48,51.03,-3.56
69,20,70,20,0,54.77,39.09,-3.45
70,20,55,20,0,61.1,27.73,-2.33
71,20,40,20,0,67.57,16.84,-0.51
72,20,30,20,0,71.94,9.85,1
73,20,20,20,0,76.4,3.09,2.65
74,20,10,20,0,80.76,-3.29,4.34
75,20,0,20,0,85.11,-9.39,6.13
76,20,100,10,0,42.65,63.93,-7.16
77,20,85,10,0,48.71,52.16,-8.88
78,20,70,10,0,55.13,40.22,-9.44
79,20,55,10,0,61.58,28.91,-8.97
80,20,40,10,0,68.14,18.07,-7.75
81,20,30,10,0,72.58,11.1,-6.6
82,20,20,10,0,77.1,4.36,-5.31
83,20,10,10,0,81.6,-1.97,-4.28
84,20,0,10,0,86,-8.05,-2.81
85,20,100,0,0,42.82,64.98,-11.71
86,20,85,0,0,49.01,53.26,-14.13
87,20,70,0,0,55.49,41.55,-15.37
88,20,55,0,0,62.06,30.29,-15.53
89,20,40,0,0,68.75,19.48,-14.9
90,20,30,0,0,73.25,12.56,-14.13
91,20,20,0,0,77.83,5.85,-13.2
92,20,10,0,0,82.39,-0.46,-12.51
93,20,0,0,0,86.93,-6.47,-11.68
94,20,100,0,20,35.67,54.73,-11.39
95,20,70,0,20,46.64,34.24,-13.63
96,20,40,0,20,57.47,15.87,-13.07
97,20,20,0,20,64.85,4.51,-11.65
98,20,10,0,20,68.6,-0.89,-10.89
99,20,0,0,20,72.32,-6.05,-10.02
100,30,100,20,0,39.93,57.7,-7.21
101,30,85,20,0,45.79,45.73,-7.98
102,30,70,20,0,51.91,33.91,-7.76
103,30,55,20,0,58.01,22.75,-6.72
104,30,40,20,0,64.22,12.1,-4.99
105,30,30,20,0,68.43,5.28,-3.64
106,30,20,20,0,72.69,-1.24,-2.42
107,30,10,20,0,76.87,-7.46,-0.87
108,30,0,20,0,81.03,-13.42,0.79
109,30,100,10,0,40.1,58.78,-11.77
110,30,85,10,0,46.03,47.03,-13.25
111,30,70,10,0,52.27,35.23,-13.69
112,30,55,10,0,58.49,24.14,-13.28
113,30,40,10,0,64.79,13.52,-12.13
114,30,30,10,0,69.06,6.74,-11.14
115,30,20,10,0,73.4,0.23,-10.27
116,30,10,10,0,77.7,-5.92,-9.37
117,30,0,10,0,81.92,-11.85,-8.03
118,30,100,0,0,40.23,60.08,-16.38
119,30,85,0,0,46.29,48.37,-18.54
120,30,70,0,0,52.61,36.78,-19.64
121,30,55,0,0,58.95,25.74,-19.83
122,30,40,0,0,65.37,15.17,-19.24
123,30,30,0,0,69.71,8.43,-18.6
124,30,20,0,0,74.12,1.97,-18.06
125,30,10,0,0,78.49,-4.15,-17.49
126,30,0,0,0,82.84,-10.03,-16.8
127,40,100,0,20,31.59,46.55,-18.95
128,40,70,0,20,42.03,26.32,-20.8
129,40,40,0,20,52.06,8.73,-20.45
130,40,20,0,20,58.95,-2.13,-19.46
131,40,10,0,20,62.37,-7.27,-18.92
132,40,0,0,20,65.75,-12.17,-18.29
133,40,100,20,0,37.44,52.26,-11.71
134,40,85,20,0,43.16,40.32,-12.32
135,40,70,20,0,49.08,28.7,-12.08
136,40,55,20,0,54.96,17.73,-11.05
137,40,40,20,0,60.92,7.34,-9.51
138,40,30,20,0,64.95,0.74,-8.43
139,40,20,20,0,69.03,-5.6,-7.36
140,40,10,20,0,73.02,-11.68,-5.93
141,40,0,20,0,76.96,-17.46,-4.44
142,40,100,10,0,37.57,53.56,-16.31
143,40,85,10,0,43.37,41.84,-17.61
144,40,70,10,0,49.42,30.23,-18.01
145,40,55,10,0,55.41,19.33,-17.57
146,40,40,10,0,61.46,9,-16.59
147,40,30,10,0,65.58,2.43,-15.83
148,40,20,10,0,69.73,-3.9,-15.1
149,40,10,10,0,73.84,-9.92,-14.34
150,40,0,10,0,77.84,-15.66,-13.17
151,40,100,0,0,37.67,55.12,-20.93
152,40,85,0,0,43.61,43.45,-22.92
153,40,70,0,0,49.74,32.06,-23.94
154,40,55,0,0,55.86,21.2,-24.07
155,40,40,0,0,62.02,10.92,-23.63
156,40,30,0,0,66.23,4.39,-23.18
157,40,20,0,0,70.45,-1.89,-22.76
158,40,10,0,0,74.62,-7.86,-22.34
159,40,0,0,0,78.75,-13.56,-21.81
160,70,100,0,20,26.11,32.69,-29.63
161,70,70,0,20,35.45,13.65,-31.23
162,70,40,0,20,44.28,-2.34,-31.33
163,70,20,0,20,50.13,-12.16,-30.96
164,70,10,0,20,53,-16.8,-30.75
165,70,0,0,20,55.82,-21.18,-30.51
166,55,100,20,0,33.83,43.69,-18.3
167,55,85,20,0,39.33,31.92,-18.72
168,55,70,20,0,44.92,20.59,-18.41
169,55,55,20,0,50.43,10.07,-17.56
170,55,40,20,0,56.03,0.17,-16.39
171,55,30,20,0,59.78,-6.13,-15.51
172,55,20,20,0,63.55,-12.24,-14.66
173,55,10,20,0,67.23,-18.03,-13.49
174,55,0,20,0,70.86,-23.58,-12.25
175,55,100,10,0,33.95,45.36,-22.87
176,55,85,10,0,39.53,33.79,-23.95
177,55,70,10,0,45.24,22.51,-24.26
178,55,55,10,0,50.87,12.05,-23.96
179,55,40,10,0,56.58,2.21,-23.28
180,55,30,10,0,60.41,-4.05,-22.71
181,55,20,10,0,64.25,-10.11,-22.2
182,55,10,10,0,68.04,-15.84,-21.7
183,55,0,10,0,71.73,-21.34,-20.75
184,55,100,0,0,34.03,47.25,-27.56
185,55,85,0,0,39.74,35.76,-29.28
186,55,70,0,0,45.54,24.68,-30.12
187,55,55,0,0,51.3,14.29,-30.35
188,55,40,0,0,57.16,4.49,-30.19
189,55,30,0,0,61.05,-1.7,-29.91
190,55,20,0,0,64.95,-7.66,-29.69
191,55,10,0,0,68.81,-13.35,-29.49
192,55,0,0,0,72.62,-18.76,-29.2
193,100,100,0,20,21.36,15.39,-39.54
194,100,70,0,20,29.35,-1.14,-41.6
195,100,40,0,20,36.58,-14.88,-42.52
196,100,20,0,20,41.25,-23.2,-42.7
197,100,10,0,20,43.55,-27.17,-42.77
198,100,0,0,20,45.82,-30.9,-42.82
199,70,100,20,0,30.5,34.23,-24.63
200,70,85,20,0,35.72,22.71,-24.89
201,70,70,20,0,40.93,11.92,-24.72
202,70,55,20,0,46.07,1.97,-24.03
203,70,40,20,0,51.24,-7.45,-23.12
204,70,30,20,0,54.68,-13.43,-22.5
205,70,20,20,0,58.15,-19.23,-21.89
206,70,10,20,0,61.49,-24.8,-20.97
207,70,0,20,0,64.76,-30.06,-20.01
208,70,100,10,0,30.56,36.31,-29.3
209,70,85,10,0,35.87,25.01,-30.07
210,70,70,10,0,41.2,14.27,-30.47
211,70,55,10,0,46.52,4.35,-30.26
212,70,40,10,0,51.8,-4.95,-29.83
213,70,30,10,0,55.3,-10.83,-29.48
214,70,20,10,0,58.82,-16.58,-29.2
215,70,10,10,0,62.27,-22.03,-28.94
216,70,0,10,0,65.61,-27.23,-28.26
217,70,100,0,0,30.62,38.61,-34
218,70,85,0,0,36.05,27.4,-35.36
219,70,70,0,0,41.48,16.88,-36.22
220,70,55,0,0,46.96,7.01,-36.5
221,70,40,0,0,52.37,-2.22,-36.56
222,70,30,0,0,55.93,-7.98,-36.47
223,70,20,0,0,59.51,-13.61,-36.46
224,70,10,0,0,63.03,-18.99,-36.5
225,70,0,0,0,66.49,-24.08,-36.47
226,0,100,10,20,39.85,61.7,0.42
227,0,70,10,20,50.98,41.2,-1.2
228,0,40,10,20,62.34,22.24,0.49
229,0,20,10,20,70.1,10.47,2.75
230,0,10,10,20,74.04,4.86,4.17
231,0,0,10,20,78.05,-0.55,5.71
232,85,100,20,0,27.42,23.51,-30.7
233,85,85,20,0,32.25,12.53,-30.97
234,85,70,20,0,37.08,2.56,-30.94
235,85,55,20,0,41.76,-6.72,-30.52
236,85,40,20,0,46.43,-15.51,-29.96
237,85,30,20,0,49.56,-21.14,-29.53
238,85,20,20,0,52.69,-26.61,-29.21
239,85,10,20,0,55.7,-31.87,-28.55
240,85,0,20,0,58.64,-36.87,-27.89
241,85,100,10,0,27.47,25.99,-35.27
242,85,85,10,0,32.4,15.22,-36
243,85,70,10,0,37.35,5.33,-36.52
244,85,55,10,0,42.22,-3.9,-36.55
245,85,40,10,0,46.98,-12.53,-36.45
246,85,30,10,0,50.17,-18.07,-36.29
247,85,20,10,0,53.35,-23.44,-36.27
248,85,10,10,0,56.49,-28.57,-36.25
249,85,0,10,0,59.48,-33.5,-35.87
250,85,100,0,0,27.38,28.93,-39.9
251,85,85,0,0,32.44,18.25,-41.23
252,85,70,0,0,37.71,8.4,-42.13
253,85,55,0,0,42.72,-0.68,-42.61
254,85,40,0,0,47.6,-9.16,-42.95
255,85,30,0,0,50.82,-14.45,-43.04
256,85,20,0,0,54.05,-19.65,-43.27
257,85,10,0,0,57.25,-24.69,-43.55
258,85,0,0,0,60.37,-29.39,-43.72
259,10,100,10,20,37.7,57.55,-3.75
260,10,70,10,20,48.67,37.03,-5.09
261,10,40,10,20,59.66,18.36,-3.42
262,10,20,10,20,67.21,6.74,-1.23
263,10,10,10,20,71.01,1.23,0.06
264,10,0,10,20,74.78,-4.06,1.43
265,100,100,20,0,24.35,12.08,-36.83
266,100,85,20,0,28.97,1.66,-37.08
267,100,70,20,0,33.29,-7.5,-37.25
268,100,55,20,0,37.51,-16.13,-37.1
269,100,40,20,0,41.7,-24.27,-36.85
270,100,30,20,0,44.51,-29.54,-36.66
271,100,20,20,0,47.29,-34.6,-36.54
272,100,10,20,0,49.94,-39.55,-36.18
273,100,0,20,0,52.57,-44.22,-35.79
274,100,100,10,0,24.27,15.22,-41.27
275,100,85,10,0,29.21,4.87,-41.94
276,100,70,10,0,33.65,-4.2,-42.64
277,100,55,10,0,38.02,-12.63,-42.91
278,100,40,10,0,42.28,-20.5,-43.08
279,100,30,10,0,45.12,-25.55,-43.14
280,100,20,10,0,47.95,-30.52,-43.32
281,100,10,10,0,50.74,-35.25,-43.51
282,100,0,10,0,53.42,-39.84,-43.38
283,100,100,0,0,23.2,21.38,-46.31
284,100,85,0,0,29.27,8.4,-47.03
285,100,70,0,0,34.02,-0.6,-48.08
286,100,55,0,0,38.53,-8.88,-48.78
287,100,40,0,0,42.91,-16.58,-49.38
288,100,30,0,0,45.79,-21.38,-49.68
289,100,20,0,0,48.65,-26.14,-50.1
290,100,10,0,0,51.5,-30.79,-50.59
291,100,0,0,0,54.32,-35.13,-51.02
292,20,100,10,20,35.61,53.49,-7.54
293,20,70,10,20,46.37,32.93,-8.65
294,20,40,10,20,56.98,14.54,-7.09
295,20,20,10,20,64.26,3.15,-5.1
296,20,10,10,20,67.94,-2.26,-4.06
297,20,0,10,20,71.55,-7.44,-2.83
298,0,100,55,0,47.72,69.97,23.93
299,0,85,55,0,53.51,57.83,25.69
300,0,70,55,0,59.59,45.94,28.52
301,0,55,55,0,65.9,34.41,32.03
302,0,40,55,0,72.41,23.5,36.2
303,0,30,55,0,76.85,16.47,39.21
304,0,20,55,0,81.42,9.56,42.49
305,0,10,55,0,86.06,2.91,46
306,0,0,55,0,90.76,-3.51,49.57
307,0,100,40,0,47.88,71.03,16.69
308,0,85,40,0,53.79,58.91,17.05
309,0,70,40,0,60.04,46.93,18.61
310,0,55,40,0,66.52,35.35,21.1
311,0,40,40,0,73.18,24.2,24.26
312,0,30,40,0,77.71,17.13,26.66
313,0,20,40,0,82.35,10.24,29.42
314,0,10,40,0,87.07,3.57,32.43
315,0,0,40,0,91.82,-2.86,35.47
316,0,100,30,0,47.98,71.83,11.93
317,0,85,30,0,54,59.73,11.41
318,0,70,30,0,60.34,47.77,12.12
319,0,55,30,0,66.94,36.15,13.88
320,0,40,30,0,73.71,24.99,16.4
321,0,30,30,0,78.3,17.82,18.39
322,0,20,30,0,83.01,10.91,20.77
323,0,10,30,0,87.78,4.24,23.43
324,0,0,30,0,92.58,-2.19,26.18
325,40,100,10,20,31.55,45.04,-15
326,40,70,10,20,41.78,24.69,-15.79
327,40,40,10,20,51.61,7.06,-14.52
328,40,20,10,20,58.36,-3.88,-13.07
329,40,10,10,20,61.73,-9.05,-12.26
330,40,0,10,20,65.03,-13.96,-11.24
331,10,100,55,0,44.93,64.88,18.94
332,10,85,55,0,50.58,52.74,20.74
333,10,70,55,0,56.62,40.74,23.57
334,10,55,55,0,62.75,29.33,27.02
335,10,40,55,0,69.03,18.52,31.03
336,10,30,55,0,73.34,11.49,33.98
337,10,20,55,0,77.79,4.61,37.19
338,10,10,55,0,82.25,-1.92,40.52
339,10,0,55,0,86.61,-8.13,43.7
340,10,100,40,0,45.09,66.05,11.77
341,10,85,40,0,50.86,53.95,12.18
342,10,70,40,0,57.07,41.88,13.8
343,10,55,40,0,63.35,30.43,16.25
344,10,40,40,0,69.8,19.44,19.29
345,10,30,40,0,74.19,12.38,21.65
346,10,20,40,0,78.71,5.51,24.35
347,10,10,40,0,83.25,-1.05,27.17
348,10,0,40,0,87.68,-7.27,29.83
349,10,100,30,0,45.17,66.94,6.98
350,10,85,30,0,51.06,54.87,6.54
351,10,70,30,0,57.38,42.82,7.39
352,10,55,30,0,63.79,31.32,9.16
353,10,40,30,0,70.33,20.32,11.59
354,10,30,30,0,74.79,13.22,13.55
355,10,20,30,0,79.37,6.34,15.86
356,10,10,30,0,83.96,-0.21,18.35
357,10,0,30,0,88.44,-6.45,20.65
358,70,100,10,20,26.07,30.62,-25.67
359,70,70,10,20,35.23,11.43,-26.31
360,70,40,10,20,43.83,-4.69,-25.59
361,70,20,10,20,49.58,-14.67,-24.86
362,70,10,10,20,52.4,-19.35,-24.44
363,70,0,10,20,55.16,-23.8,-23.83
364,20,100,55,0,42.19,59.62,14.05
365,20,85,55,0,47.8,47.42,15.95
366,20,70,55,0,53.68,35.49,18.74
367,20,55,55,0,59.61,24.19,22.09
368,20,40,55,0,65.7,13.46,26
369,20,30,55,0,69.86,6.51,28.86
370,20,20,55,0,74.13,-0.24,31.89
371,20,10,55,0,78.3,-6.6,34.84
372,20,0,55,0,82.47,-12.67,37.85
373,20,100,40,0,42.33,60.94,6.91
374,20,85,40,0,48.1,48.77,7.52
375,20,70,40,0,54.14,36.8,9.14
376,20,55,40,0,60.23,25.46,11.54
377,20,40,40,0,66.47,14.61,14.52
378,20,30,40,0,70.72,7.63,16.79
379,20,20,40,0,75.04,0.89,19.3
380,20,10,40,0,79.29,-5.49,21.71
381,20,0,40,0,83.54,-11.58,24.2
382,20,100,30,0,42.41,61.95,2.15
383,20,85,30,0,48.3,49.81,1.95
384,20,70,30,0,54.45,37.86,2.8
385,20,55,30,0,60.67,26.48,4.56
386,20,40,30,0,67.01,15.63,6.95
387,20,30,30,0,71.31,8.64,8.84
388,20,20,30,0,75.7,1.89,10.97
389,20,10,30,0,80,-4.5,13.01
390,20,0,30,0,84.3,-10.6,15.16
391,100,100,10,20,21.39,12.49,-35.7
392,100,70,10,20,29.08,-4.18,-36.93
393,100,40,10,20,36.1,-18.15,-37.15
394,100,20,10,20,40.71,-26.79,-36.96
395,100,10,10,20,42.96,-30.85,-36.82
396,100,0,10,20,45.21,-34.77,-36.67
397,30,100,55,0,39.53,54.18,9.28
398,30,85,55,0,45.03,42,11.22
399,30,70,55,0,50.76,30.13,13.97
400,30,55,55,0,56.48,19,17.22
401,30,40,55,0,62.37,8.31,21.04
402,30,30,55,0,66.35,1.48,23.72
403,30,20,55,0,70.37,-5.06,26.44
404,30,10,55,0,74.35,-11.28,29.23
405,30,0,55,0,78.37,-17.17,32.1
406,30,100,40,0,39.68,55.61,2.22
407,30,85,40,0,45.34,43.48,2.93
408,30,70,40,0,51.24,31.57,4.58
409,30,55,40,0,57.12,20.41,6.89
410,30,40,40,0,63.13,9.7,9.8
411,30,30,40,0,67.2,2.87,11.91
412,30,20,40,0,71.29,-3.72,14.06
413,30,10,40,0,75.35,-9.95,16.31
414,30,0,40,0,79.42,-15.9,18.64
415,30,100,30,0,39.78,56.72,-2.52
416,30,85,30,0,45.56,44.61,-2.57
417,30,70,30,0,51.56,32.73,-1.66
418,30,55,30,0,57.56,21.55,0.03
419,30,40,30,0,63.67,10.86,2.35
420,30,30,30,0,67.81,4.03,4.07
421,30,20,30,0,71.96,-2.55,5.86
422,30,10,30,0,76.06,-8.79,7.74
423,30,0,30,0,80.18,-14.75,9.75
424,0,100,20,20,39.85,60.84,4.52
425,0,70,20,20,50.74,40.2,4.11
426,0,40,20,20,61.86,21.26,6.76
427,0,20,20,20,69.5,9.48,9.61
428,0,10,20,20,73.42,3.88,11.31
429,0,0,20,20,77.37,-1.54,13.12
430,40,100,55,0,37,48.37,4.63
431,40,85,55,0,42.38,36.2,6.61
432,40,70,55,0,47.91,24.49,9.28
433,40,55,55,0,53.43,13.48,12.49
434,40,40,55,0,59.06,3.03,16.07
435,40,30,55,0,62.84,-3.65,18.48
436,40,20,55,0,66.67,-10.05,21.03
437,40,10,55,0,70.49,-16.13,23.66
438,40,0,55,0,74.3,-21.85,26.33
439,40,100,40,0,37.16,49.97,-2.33
440,40,85,40,0,42.7,37.87,-1.54
441,40,70,40,0,48.39,26.14,0.08
442,40,55,40,0,54.07,15.11,2.36
443,40,40,40,0,59.83,4.67,5.03
444,40,30,40,0,63.7,-2.01,6.91
445,40,20,40,0,67.6,-8.43,8.9
446,40,10,40,0,71.49,-14.53,11.01
447,40,0,40,0,75.34,-20.3,13.13
448,40,100,30,0,37.28,51.09,-7.06
449,40,85,30,0,42.93,39.01,-7
450,40,70,30,0,48.73,27.33,-6.06
451,40,55,30,0,54.5,16.32,-4.41
452,40,40,30,0,60.36,5.89,-2.3
453,40,30,30,0,64.34,-0.73,-0.85
454,40,20,30,0,68.29,-7.14,0.78
455,40,10,30,0,72.22,-13.24,2.54
456,40,0,30,0,76.12,-19.02,4.36
457,10,100,20,20,37.68,56.61,0.33
458,10,70,20,20,48.42,35.95,0.16
459,10,40,20,20,59.18,17.27,2.77
460,10,20,20,20,66.61,5.65,5.55
461,10,10,20,20,70.38,0.14,7.12
462,10,0,20,20,74.1,-5.17,8.75
463,55,100,55,0,33.42,38.92,-2.06
464,55,85,55,0,38.58,26.93,-0.08
465,55,70,55,0,43.79,15.47,2.5
466,55,55,55,0,48.95,4.86,5.44
467,55,40,55,0,54.15,-5.22,8.46
468,55,30,55,0,57.65,-11.65,10.64
469,55,20,55,0,61.2,-17.79,12.94
470,55,10,55,0,64.73,-23.63,15.27
471,55,0,55,0,68.24,-29.2,17.63
472,55,100,40,0,33.6,40.75,-9.02
473,55,85,40,0,38.89,28.81,-8.08
474,55,70,40,0,44.27,17.37,-6.51
475,55,55,40,0,49.57,6.77,-4.47
476,55,40,40,0,54.96,-3.22,-2.25
477,55,30,40,0,58.55,-9.63,-0.62
478,55,20,40,0,62.15,-15.84,1.16
479,55,10,40,0,65.73,-21.67,3
480,55,0,40,0,69.3,-27.25,4.87
481,55,100,30,0,33.72,42.15,-13.65
482,55,85,30,0,39.13,30.26,-13.41
483,55,70,30,0,44.6,18.87,-12.49
484,55,55,30,0,50,8.3,-11.03
485,55,40,30,0,55.49,-1.65,-9.37
486,55,30,30,0,59.18,-7.99,-8.15
487,55,20,30,0,62.83,-14.15,-6.72
488,55,10,30,0,66.45,-20,-5.21
489,55,0,30,0,70.05,-25.57,-3.65
490,20,100,20,20,35.56,52.36,-3.65
491,20,70,20,20,46.1,31.77,-3.6
492,20,40,20,20,56.51,13.38,-1.04
493,20,20,20,20,63.68,1.97,1.54
494,20,10,20,20,67.25,-3.44,2.96
495,20,0,20,20,70.81,-8.63,4.45
496,70,100,55,0,30.1,28.38,-8.75
497,70,85,55,0,34.98,16.59,-6.77
498,70,70,55,0,39.8,5.66,-4.42
499,70,55,55,0,44.59,-4.46,-1.82
500,70,40,55,0,49.38,-14.17,0.88
501,70,30,55,0,52.59,-20.37,2.8
502,70,20,55,0,55.84,-26.29,4.81
503,70,10,55,0,59.04,-31.97,6.84
504,70,0,55,0,62.21,-37.33,8.86
505,70,100,40,0,30.27,30.63,-15.53
506,70,85,40,0,35.29,18.91,-14.52
507,70,70,40,0,40.26,8.01,-13.15
508,70,55,40,0,45.2,-2.08,-11.36
509,70,40,40,0,50.18,-11.63,-9.48
510,70,30,40,0,53.46,-17.8,-8.08
511,70,20,40,0,56.76,-23.75,-6.57
512,70,10,40,0,60.01,-29.4,-5.01
513,70,0,40,0,63.24,-34.73,-3.46
514,70,100,30,0,30.39,32.34,-20.06
515,70,85,30,0,35.52,20.69,-19.73
516,70,70,30,0,40.6,9.84,-18.95
517,70,55,30,0,45.63,-0.16,-17.7
518,70,40,30,0,50.7,-9.68,-16.34
519,70,30,30,0,54.08,-15.7,-15.39
520,70,20,30,0,57.44,-21.61,-14.2
521,70,10,30,0,60.71,-27.22,-12.97
522,70,0,30,0,63.96,-32.54,-11.7
523,40,100,20,20,31.49,43.68,-11.07
524,40,70,20,20,41.52,23.27,-10.77
525,40,40,20,20,51.17,5.6,-8.54
526,40,20,20,20,57.79,-5.39,-6.6
527,40,10,20,20,61.07,-10.56,-5.39
528,40,0,20,20,64.32,-15.5,-4.12
529,85,100,55,0,27.04,16.39,-15.29
530,85,85,55,0,31.52,5.08,-13.49
531,85,70,55,0,35.91,-5.06,-11.46
532,85,55,55,0,40.28,-14.65,-9.19
533,85,40,55,0,44.6,-24.01,-6.91
534,85,30,55,0,47.5,-30,-5.24
535,85,20,55,0,50.42,-35.72,-3.56
536,85,10,55,0,53.3,-41.16,-1.84
537,85,0,55,0,56.13,-46.36,-0.14
538,85,100,40,0,27.23,19.06,-21.82
539,85,85,40,0,31.85,7.84,-20.94
540,85,70,40,0,36.38,-2.16,-19.78
541,85,55,40,0,40.89,-11.67,-18.31
542,85,40,40,0,45.39,-20.74,-16.82
543,85,30,40,0,48.36,-26.66,-15.66
544,85,20,40,0,51.33,-32.37,-14.44
545,85,10,40,0,54.25,-37.74,-13.18
546,85,0,40,0,57.09,-42.88,-11.92
547,85,100,30,0,27.34,21.18,-26.19
548,85,85,30,0,32.07,10.03,-25.95
549,85,70,30,0,36.73,0.04,-25.36
550,85,55,30,0,41.3,-9.29,-24.41
551,85,40,30,0,45.9,-18.3,-23.43
552,85,30,30,0,48.97,-24,-22.67
553,85,20,30,0,51.98,-29.64,-21.78
554,85,10,30,0,54.94,-34.97,-20.83
555,85,0,30,0,57.83,-40.04,-19.86
556,70,100,20,20,26.01,28.77,-21.74
557,70,70,20,20,35.01,9.43,-21.38
558,70,40,20,20,43.4,-6.82,-19.91
559,70,20,20,20,49.04,-16.91,-18.73
560,70,10,20,20,51.81,-21.65,-17.92
561,70,0,20,20,54.52,-26.14,-17.1
562,100,100,55,0,24.05,3.22,-22.16
563,100,85,55,0,28.13,-7.33,-20.4
564,100,70,55,0,32.07,-16.9,-18.69
565,100,55,55,0,36.02,-26.09,-16.78
566,100,40,55,0,39.89,-35.12,-14.87
567,100,30,55,0,42.47,-40.81,-13.51
568,100,20,55,0,45.01,-46.25,-12.11
569,100,10,55,0,47.49,-51.48,-10.7
570,100,0,55,0,50.02,-56.4,-9.33
571,100,100,40,0,24.23,6.6,-28.33
572,100,85,40,0,28.5,-3.93,-27.5
573,100,70,40,0,32.54,-13.26,-26.61
574,100,55,40,0,36.61,-22.24,-25.47
575,100,40,40,0,40.67,-30.81,-24.32
576,100,30,40,0,43.32,-36.43,-23.43
577,100,20,40,0,45.93,-41.8,-22.52
578,100,10,40,0,48.47,-46.91,-21.55
579,100,0,40,0,51.02,-51.75,-20.59
580,100,100,30,0,24.35,9.21,-32.5
581,100,85,30,0,28.74,-1.27,-32.28
582,100,70,30,0,32.92,-10.56,-31.94
583,100,55,30,0,37.03,-19.3,-31.29
584,100,40,30,0,41.18,-27.76,-30.63
585,100,30,30,0,43.93,-33.11,-30.13
586,100,20,30,0,46.58,-38.41,-29.52
587,100,10,30,0,49.19,-43.44,-28.86
588,100,0,30,0,51.77,-48.19,-28.2
589,100,100,20,20,21.42,9.83,-31.93
590,100,70,20,20,28.83,-6.96,-32.33
591,100,40,20,20,35.67,-21.25,-31.84
592,100,20,20,20,40.21,-30.12,-31.24
593,100,10,20,20,42.43,-34.35,-30.9
594,100,0,20,20,44.63,-38.33,-30.57
595,0,100,100,0,49.14,69.23,48.2
596,0,85,100,0,52.55,56.7,52.27
597,0,70,100,0,58.2,45.75,58.99
598,0,55,100,0,64.09,34.67,65.66
599,0,40,100,0,70.28,23.74,72.7
600,0,30,100,0,74.51,16.67,77.53
601,0,20,100,0,78.93,9.83,82.63
602,0,10,100,0,83.49,3.21,87.89
603,0,0,100,0,88.08,-3.17,93.11
604,0,100,85,0,47.4,68.23,38.64
605,0,85,85,0,52.88,56.36,43.22
606,0,70,85,0,58.68,45.28,48.86
607,0,55,85,0,64.69,34.23,54.53
608,0,40,85,0,70.95,23.36,60.53
609,0,30,85,0,75.25,16.25,64.71
610,0,20,85,0,79.71,9.36,69.15
611,0,10,85,0,84.25,2.79,73.78
612,0,0,85,0,88.9,-3.67,78.42
613,0,100,70,0,47.59,68.99,31.24
614,0,85,70,0,53.21,56.98,34.51
615,0,70,70,0,59.15,45.18,38.6
616,0,55,70,0,65.29,34.08,43.25
617,0,40,70,0,71.67,23.22,48.36
618,0,30,70,0,76.02,16.12,51.89
619,0,20,70,0,80.52,9.26,55.78
620,0,10,70,0,85.13,2.62,59.83
621,0,0,70,0,89.78,-3.79,63.88
622,0,100,40,20,39.77,59.24,12.74
623,0,70,40,20,50.2,38.59,14.91
624,0,40,40,20,60.94,19.72,19.79
625,0,20,40,20,68.43,7.98,23.72
626,0,10,40,20,72.24,2.38,26.01
627,0,0,40,20,76.08,-3.05,28.38
628,10,100,100,0,44.46,62.09,40.43
629,10,85,100,0,49.73,51.1,46.8
630,10,70,100,0,55.26,39.98,53.31
631,10,55,100,0,60.96,28.97,59.82
632,10,40,100,0,66.93,18.13,66.66
633,10,30,100,0,71.07,11.13,71.43
634,10,20,100,0,75.38,4.3,76.45
635,10,10,100,0,79.73,-2.24,81.5
636,10,0,100,0,83.84,-8.36,86.29
637,10,100,85,0,44.69,62.72,33.44
638,10,85,85,0,50.05,50.81,38
639,10,70,85,0,55.73,39.6,43.4
640,10,55,85,0,61.55,28.61,48.96
641,10,40,85,0,67.59,17.83,54.79
642,10,30,85,0,71.79,10.79,58.91
643,10,20,85,0,76.13,3.95,63.27
644,10,10,85,0,80.49,-2.53,67.69
645,10,0,85,0,84.65,-8.74,71.95
646,10,100,70,0,44.79,63.82,26.2
647,10,85,70,0,50.28,51.8,29.47
648,10,70,70,0,56.19,39.85,33.49
649,10,55,70,0,62.13,28.8,37.99
650,10,40,70,0,68.29,18.02,42.93
651,10,30,70,0,72.53,10.96,46.41
652,10,20,70,0,76.9,4.12,50.22
653,10,10,70,0,81.33,-2.42,54.08
654,10,0,70,0,85.62,-8.58,57.78
655,10,100,40,20,37.6,54.84,8.59
656,10,70,40,20,47.89,34.14,10.92
657,10,40,40,20,58.27,15.55,15.63
658,10,20,40,20,65.53,3.9,19.45
659,10,10,40,20,69.2,-1.61,21.63
660,10,0,40,20,72.84,-6.89,23.84
661,20,100,100,0,41.83,56.23,35.13
662,20,85,100,0,46.96,45.14,41.27
663,20,70,100,0,52.34,34.02,47.66
664,20,55,100,0,57.85,23.08,54.04
665,20,40,100,0,63.65,12.38,60.73
666,20,30,100,0,67.65,5.45,65.39
667,20,20,100,0,71.75,-1.26,70.2
668,20,10,100,0,75.66,-7.58,74.86
669,20,0,100,0,79.59,-13.6,79.45
670,20,100,85,0,41.95,57.26,28.36
671,20,85,85,0,47.29,45.22,32.85
672,20,70,85,0,52.8,34.04,38.15
673,20,55,85,0,58.43,23.07,43.53
674,20,40,85,0,64.29,12.37,49.24
675,20,30,85,0,68.34,5.4,53.24
676,20,20,85,0,72.48,-1.32,57.41
677,20,10,85,0,76.52,-7.59,61.49
678,20,0,85,0,80.5,-13.68,65.54
679,20,100,70,0,42.05,58.43,21.28
680,20,85,70,0,47.52,46.29,24.52
681,20,70,70,0,53.26,34.42,28.46
682,20,55,70,0,59.01,23.41,32.82
683,20,40,70,0,64.97,12.72,37.65
684,20,30,70,0,69.07,5.74,41.03
685,20,20,70,0,73.26,-0.98,44.64
686,20,10,70,0,77.35,-7.31,48.16
687,20,0,70,0,81.46,-13.35,51.67
688,20,100,40,20,35.47,50.4,4.56
689,20,70,40,20,45.57,29.76,7.04
690,20,40,40,20,55.62,11.45,11.63
691,20,20,40,20,62.6,-0.03,15.26
692,20,10,40,20,66.07,-5.43,17.27
693,20,0,40,20,69.56,-10.6,19.33
694,30,100,100,0,39.2,50.38,29.88
695,30,85,100,0,44.18,39.25,35.85
696,30,70,100,0,49.42,28.03,42.1
697,30,55,100,0,54.74,17.16,48.3
698,30,40,100,0,60.36,6.54,54.86
699,30,30,100,0,64.17,-0.24,59.32
700,30,20,100,0,67.93,-6.71,63.81
701,30,10,100,0,71.67,-12.88,68.29
702,30,0,100,0,75.52,-18.59,72.85
703,30,100,85,0,39.27,51.62,23.31
704,30,85,85,0,44.5,39.57,27.75
705,30,70,85,0,49.87,28.26,32.9
706,30,55,85,0,55.3,17.39,38.13
707,30,40,85,0,60.98,6.75,43.71
708,30,30,85,0,64.84,-0.06,47.54
709,30,20,85,0,68.7,-6.54,51.42
710,30,10,85,0,72.55,-12.69,55.32
711,30,0,85,0,76.45,-18.45,59.33
712,30,100,70,0,39.38,52.87,16.36
713,30,85,70,0,44.74,40.75,19.6
714,30,70,70,0,50.33,28.92,23.48
715,30,55,70,0,55.87,18.02,27.71
716,30,40,70,0,61.65,7.35,32.43
717,30,30,70,0,65.57,0.51,35.63
718,30,20,70,0,69.5,-6.01,38.93
719,30,10,70,0,73.42,-12.21,42.27
720,30,0,70,0,77.38,-18.05,45.64
721,40,100,40,20,31.39,41.18,-3.15
722,40,70,40,20,41,20.82,-0.53
723,40,40,40,20,50.28,3.22,3.64
724,40,20,40,20,56.65,-7.87,6.85
725,40,10,40,20,59.83,-13.08,8.62
726,40,0,40,20,62.99,-18.04,10.42
727,40,100,100,0,36.61,44.37,24.66
728,40,85,100,0,41.48,33.08,30.54
729,40,70,100,0,46.53,21.89,36.59
730,40,55,100,0,51.72,10.99,42.71
731,40,40,100,0,57.07,0.6,48.98
732,40,30,100,0,60.64,-5.89,53.21
733,40,20,100,0,64.23,-12.22,57.51
734,40,10,100,0,67.88,-18.07,61.96
735,40,0,100,0,71.58,-23.49,66.41
736,40,100,85,0,36.7,45.67,18.31
737,40,85,85,0,41.8,33.6,22.71
738,40,70,85,0,46.98,22.35,27.7
739,40,55,85,0,52.26,11.41,32.87
740,40,40,85,0,57.68,1.01,38.16
741,40,30,85,0,61.32,-5.56,41.76
742,40,20,85,0,65,-11.9,45.46
743,40,10,85,0,68.71,-17.85,49.21
744,40,0,85,0,72.46,-23.32,53.1
745,40,100,70,0,36.82,47.03,11.56
746,40,85,70,0,42.04,34.92,14.77
747,40,70,70,0,47.43,23.24,18.53
748,40,55,70,0,52.83,12.26,22.71
749,40,40,70,0,58.34,1.84,27.19
750,40,30,70,0,62.05,-4.78,30.16
751,40,20,70,0,65.81,-11.16,33.27
752,40,10,70,0,69.58,-17.14,36.49
753,40,0,70,0,73.35,-22.77,39.68
754,70,100,40,20,25.86,25.42,-13.89
755,70,70,40,20,34.49,6.04,-11.41
756,70,40,40,20,42.52,-10.38,-8.46
757,70,20,40,20,47.97,-20.69,-5.97
758,70,10,40,20,50.65,-25.51,-4.66
759,70,0,40,20,53.3,-30.06,-3.38
760,55,100,100,0,32.92,34.55,17.03
761,55,85,100,0,37.57,23.14,22.7
762,55,70,100,0,42.42,11.84,28.62
763,55,55,100,0,47.26,1.27,34.35
764,55,40,100,0,52.12,-8.54,40.06
765,55,30,100,0,55.43,-14.78,43.97
766,55,20,100,0,58.84,-20.62,48.14
767,55,10,100,0,62.26,-26.14,52.33
768,55,0,100,0,65.69,-31.33,56.4
769,55,100,85,0,33.02,35.98,11.07
770,55,85,85,0,37.89,24.06,15.31
771,55,70,85,0,42.86,12.68,20.22
772,55,55,85,0,47.79,2.07,24.98
773,55,40,85,0,52.75,-7.84,29.76
774,55,30,85,0,56.13,-14.16,33.06
775,55,20,85,0,59.58,-20.12,36.53
776,55,10,85,0,63.01,-25.81,39.97
777,55,0,85,0,66.49,-31.05,43.53
778,55,100,70,0,33.23,37.31,4.67
779,55,85,70,0,38.23,25.33,7.83
780,55,70,70,0,43.3,13.89,11.45
781,55,55,70,0,48.34,3.24,15.28
782,55,40,70,0,53.42,-6.8,19.18
783,55,30,70,0,56.85,-13.17,21.89
784,55,20,70,0,60.32,-19.31,24.73
785,55,10,70,0,63.82,-25.02,27.65
786,55,0,70,0,67.3,-30.53,30.49
787,100,100,40,20,21.29,5.18,-24.44
788,100,70,40,20,28.26,-11.82,-23.14
789,100,40,40,20,34.87,-26.72,-21.23
790,100,20,40,20,39.26,-36.02,-19.7
791,100,10,40,20,41.39,-40.37,-18.9
792,100,0,40,20,43.5,-44.48,-18.13
793,70,100,100,0,29.48,23.62,9.63
794,70,85,100,0,33.99,11.94,15.23
795,70,70,100,0,38.48,1.03,20.72
796,70,55,100,0,42.85,-8.95,25.66
797,70,40,100,0,47.35,-18.35,30.96
798,70,30,100,0,50.41,-24.22,34.59
799,70,20,100,0,53.54,-29.87,38.39
800,70,10,100,0,56.69,-35.13,42.18
801,70,0,100,0,59.8,-40.11,45.86
802,70,100,85,0,29.72,24.86,4.15
803,70,85,85,0,34.31,13.15,8.22
804,70,70,85,0,38.92,2.13,12.73
805,70,55,85,0,43.39,-8.01,16.77
806,70,40,85,0,47.96,-17.58,21.12
807,70,30,85,0,51.07,-23.57,24.12
808,70,20,85,0,54.23,-29.36,27.25
809,70,10,85,0,57.35,-34.99,30.3
810,70,0,85,0,60.51,-40.02,33.45
811,70,100,70,0,29.95,26.43,-1.94
812,70,85,70,0,34.68,14.63,1.1
813,70,70,70,0,39.35,3.72,4.41
814,70,55,70,0,43.95,-6.5,7.56
815,70,40,70,0,48.63,-16.15,11.08
816,70,30,70,0,51.78,-22.25,13.49
817,70,20,70,0,54.96,-28.17,16.02
818,70,10,70,0,58.14,-33.82,18.57
819,70,0,70,0,61.28,-39.16,21.04
820,0,100,70,20,39.57,57.14,25.11
821,0,70,70,20,49.43,36.86,31.94
822,0,40,70,20,59.73,18.37,39.62
823,0,20,70,20,66.92,6.69,45.67
824,0,10,70,20,70.55,1.14,48.79
825,0,0,70,20,74.22,-4.22,51.92
826,85,100,100,0,26.5,10.58,2.79
827,85,85,100,0,30.67,-0.78,8.05
828,85,70,100,0,34.55,-10.92,12.06
829,85,55,100,0,38.48,-20.48,16.48
830,85,40,100,0,42.55,-29.51,21.24
831,85,30,100,0,45.32,-35.27,24.46
832,85,20,100,0,48.16,-40.75,27.84
833,85,10,100,0,51,-45.86,31.23
834,85,0,100,0,53.75,-51.09,34.35
835,85,100,85,0,26.77,11.89,-2.3
836,85,85,85,0,30.98,0.64,1.51
837,85,70,85,0,34.99,-9.62,4.62
838,85,55,85,0,39.03,-19.3,8.19
839,85,40,85,0,43.14,-28.52,11.99
840,85,30,85,0,45.96,-34.34,14.65
841,85,20,85,0,48.8,-40.03,17.34
842,85,10,85,0,51.62,-45.48,20.04
843,85,0,85,0,54.42,-50.71,22.66
844,85,100,70,0,26.87,14.13,-8.76
845,85,85,70,0,31.2,2.83,-5.95
846,85,70,70,0,35.48,-7.44,-3.01
847,85,55,70,0,39.65,-17.26,-0.25
848,85,40,70,0,43.87,-26.62,2.84
849,85,30,70,0,46.71,-32.52,4.97
850,85,20,70,0,49.57,-38.32,7.15
851,85,10,70,0,52.44,-43.73,9.38
852,85,0,70,0,55.29,-48.96,11.45
853,10,100,70,20,37.39,52.63,20.88
854,10,70,70,20,47.14,32.3,27.74
855,10,40,70,20,57.08,13.95,35.16
856,10,20,70,20,64.05,2.37,41.05
857,10,10,70,20,67.54,-3.11,44.03
858,10,0,70,20,71.05,-8.3,47.08
859,100,100,100,0,23.57,-4.11,-4.37
860,100,85,100,0,27.23,-14.82,-0.64
861,100,70,100,0,30.64,-24.52,2.87
862,100,55,100,0,34.15,-33.9,6.75
863,100,40,100,0,37.8,-42.78,10.9
864,100,30,100,0,40.27,-48.36,13.72
865,100,20,100,0,42.74,-53.85,16.57
866,100,10,100,0,45.2,-59.18,19.43
867,100,0,100,0,47.26,-65.17,20.37
868,100,100,85,0,23.66,-1.79,-9.98
869,100,85,85,0,27.59,-12.67,-6.28
870,100,70,85,0,31.15,-22.64,-3.56
871,100,55,85,0,34.78,-32.16,-0.41
872,100,40,85,0,38.46,-41.19,2.97
873,100,30,85,0,40.96,-46.81,5.27
874,100,20,85,0,43.48,-52.3,7.58
875,100,10,85,0,45.98,-57.62,9.86
876,100,0,85,0,48.49,-62.59,12.13
877,100,100,70,0,23.81,0.68,-16
878,100,85,70,0,27.81,-10.16,-13.3
879,100,70,70,0,31.63,-19.95,-10.73
880,100,55,70,0,35.4,-29.5,-8.34
881,100,40,70,0,39.17,-38.59,-5.66
882,100,30,70,0,41.71,-44.27,-3.85
883,100,20,70,0,44.18,-49.79,-1.98
884,100,10,70,0,46.73,-55.06,-0.16
885,100,0,70,0,49.28,-60.01,1.58
886,20,100,70,20,35.26,47.95,16.75
887,20,70,70,20,44.84,27.7,23.57
888,20,40,70,20,54.44,9.54,30.79
889,20,20,70,20,61.14,-1.88,36.41
890,20,10,70,20,64.48,-7.2,39.33
891,20,0,70,20,67.83,-12.31,42.2
892,0,100,100,40,31.6,43.6,27.71
893,0,70,100,40,39.17,27.64,37.58
894,0,40,100,40,46.91,13.16,47.15
895,0,20,100,40,52.07,4.09,53.39
896,0,0,100,40,57.15,-4.39,59.12
897,0,100,70,40,31.83,45.5,19.29
898,0,70,70,40,39.58,28.89,24.99
899,0,40,70,40,47.92,14.04,31.07
900,0,20,70,40,53.5,4.65,35.83
901,0,0,70,40,58.95,-4.06,40.6
902,0,100,40,40,31.91,47.58,9.51
903,0,70,40,40,40.36,30.74,11.48
904,0,40,40,40,48.71,15.54,15.41
905,0,20,40,40,54.63,6.08,18.38
906,0,0,40,40,60.48,-2.85,21.84
907,0,100,20,40,31.9,49.2,2.86
908,0,70,20,40,40.76,32.19,2.86
909,0,40,20,40,49.46,16.96,5.04
910,0,20,20,40,55.4,7.46,7.35
911,0,0,20,40,61.48,-1.45,9.87
912,0,100,0,40,31.88,51.08,-3.83
913,0,70,0,40,41.12,33.99,-5.58
914,0,40,0,40,50.19,18.74,-4.89
915,0,20,0,40,56.32,9.28,-3.44
916,0,0,0,40,62.53,0.39,-1.49
917,100,0,0,70,24.49,-17.76,-23.5
918,100,85,85,100,10.53,-1.57,1.78
919,40,100,70,20,31.18,38.22,8.73
920,40,70,70,20,40.27,18.27,15.42
921,40,40,70,20,49.12,0.6,22.01
922,40,20,70,20,55.22,-10.39,27.07
923,40,10,70,20,58.29,-15.51,29.72
924,40,0,70,20,61.37,-20.38,32.33
925,20,100,100,40,28.45,36.02,20.98
926,20,70,100,40,35.92,20.07,30.72
927,20,40,100,40,43.13,5.88,39.73
928,20,20,100,40,47.91,-2.97,45.52
929,20,0,100,40,52.89,-11.25,51.37
930,20,100,70,40,28.66,37.67,12.66
931,20,70,70,40,36.36,21.44,18.54
932,20,40,70,40,43.92,6.92,24.13
933,20,20,70,40,49.08,-2.26,28.49
934,20,0,70,40,54.32,-10.75,33.02
935,20,100,40,40,28.74,40.1,2.96
936,20,70,40,40,36.91,23.42,5.27
937,20,40,40,40,44.77,8.69,8.96
938,20,20,40,40,50.17,-0.51,11.62
939,20,0,40,40,55.58,-9.19,14.77
940,20,100,20,40,28.72,42.1,-3.72
941,20,70,20,40,37.24,25.2,-3.31
942,20,40,20,40,45.4,10.41,-1.22
943,20,20,20,40,50.96,1.22,0.84
944,20,0,20,40,56.47,-7.47,3.06
945,20,100,0,40,28.65,44.51,-9.92
946,20,70,0,40,37.58,27.54,-11.38
947,20,40,0,40,46.07,12.71,-10.84
948,20,20,0,40,51.82,3.53,-9.64
949,20,0,0,40,57.66,-5.21,-8.17
950,0,100,0,70,20.55,33.39,-1.76
951,100,85,85,80,13.68,-4.2,-1.17
952,70,100,70,20,25.71,21.31,-2.66
953,70,70,70,20,33.76,2.45,3.3
954,70,40,70,20,41.36,-14.25,8.99
955,70,20,70,20,46.57,-24.54,13.04
956,70,10,70,20,49.15,-29.38,15.18
957,70,0,70,20,51.7,-33.97,17.26
958,40,100,100,40,25.4,28.02,14.63
959,40,70,100,40,32.57,12.21,23.81
960,40,40,100,40,39.16,-1.5,31.92
961,40,20,100,40,43.63,-10.16,37.41
962,40,0,100,40,48.28,-18.29,42.93
963,40,100,70,40,25.62,29.73,6.4
964,40,70,70,40,32.95,13.88,12.14
965,40,40,70,40,39.86,-0.17,17.15
966,40,20,70,40,44.6,-9.13,21.08
967,40,0,70,40,49.43,-17.41,25.23
968,40,100,40,40,25.65,32.67,-3.16
969,40,70,40,40,33.4,16.24,-0.77
970,40,40,40,40,40.67,2.13,2.49
971,40,20,40,40,45.59,-6.94,4.97
972,40,0,40,40,50.5,-15.34,7.75
973,40,100,20,40,25.58,35.09,-9.57
974,40,70,20,40,33.71,18.48,-9.07
975,40,40,20,40,41.29,4.25,-7.27
976,40,20,20,40,46.44,-4.75,-5.69
977,40,0,20,40,51.54,-13.12,-3.75
978,40,100,0,40,25.56,37.75,-15.95
979,40,70,0,40,34.03,21.18,-17.19
980,40,40,0,40,41.89,6.95,-16.86
981,40,20,0,40,47.28,-1.98,-15.96
982,40,0,0,40,52.58,-10.32,-14.84
983,0,0,100,70,35.3,-3.86,34.57
984,100,85,85,60,17.01,-6.75,-3.53
985,100,100,70,20,20.88,-0.19,-13.54
986,100,70,70,20,27.49,-17.52,-9.77
987,100,40,70,20,33.76,-33.02,-5.51
988,100,20,70,20,37.91,-42.59,-2.49
989,100,10,70,20,39.96,-47.04,-0.96
990,100,0,70,20,42,-51.25,0.44
991,70,100,100,40,21.34,14.35,5.64
992,70,70,100,40,27.61,-0.84,12.71
993,70,40,100,40,33.16,-13.91,19.66
994,70,20,100,40,37.1,-22.23,24.4
995,70,0,100,40,41.08,-30.06,29.12
996,70,100,70,40,21.49,16.49,-2.59
997,70,70,70,40,28.01,1.55,2.35
998,70,40,70,40,33.9,-12.05,6.84
999,70,20,70,40,37.95,-20.53,9.99
1000,70,0,70,40,41.94,-28.46,13.28
1001,70,100,40,40,21.42,20.16,-11.64
1002,70,70,40,40,28.43,4.59,-9.45
1003,70,40,40,40,34.68,-8.75,-7.28
1004,70,20,40,40,38.97,-17.25,-5.32
1005,70,0,40,40,43.17,-25,-3.32
1006,70,100,20,40,21.48,23.1,-18.09
1007,70,70,20,40,28.76,7.47,-17.65
1008,70,40,20,40,35.33,-5.77,-16.51
1009,70,20,20,40,39.7,-14.13,-15.54
1010,70,0,20,40,44.05,-21.78,-14.25
1011,70,100,0,40,21.53,26.41,-24.57
1012,70,70,0,40,28.97,10.92,-25.85
1013,70,40,0,40,35.91,-2.06,-25.81
1014,70,20,0,40,40.49,-10.23,-25.38
1015,70,0,0,40,44.9,-17.87,-24.89
1016,100,100,0,70,13.61,8.13,-20.26
1017,80,65,65,100,10.46,-0.85,1.43
1018,0,100,100,20,39.23,55.48,36.57
1019,0,70,100,20,48.77,36.13,48.49
1020,0,40,100,20,58.57,17.95,60.07
1021,0,20,100,20,65.34,6.51,67.92
1022,0,10,100,20,68.77,1.04,71.76
1023,0,0,100,20,72.24,-4.25,75.6
1024,100,100,100,40,17.88,-2.84,-3.66
1025,100,70,100,40,22.73,-17.31,1.07
1026,100,40,100,40,27.44,-29.69,6.09
1027,100,20,100,40,30.56,-37.51,9.66
1028,100,0,100,40,33.61,-44.9,13.25
1029,100,100,70,40,17.96,-0.46,-10.86
1030,100,70,70,40,23.11,-14.28,-8.33
1031,100,40,70,40,28.09,-26.88,-5.07
1032,100,20,70,40,31.39,-34.74,-2.77
1033,100,0,70,40,34.61,-41.86,-0.57
1034,100,100,40,40,18.27,4.16,-19.94
1035,100,70,40,40,23.73,-9.58,-19.28
1036,100,40,40,40,28.82,-21.96,-17.83
1037,100,20,40,40,32.33,-29.61,-16.66
1038,100,0,40,40,35.72,-36.62,-15.49
1039,100,100,20,40,18.36,7.99,-26.25
1040,100,70,20,40,24.11,-5.61,-26.87
1041,100,40,20,40,29.43,-17.53,-26.49
1042,100,20,20,40,32.96,-25.07,-26.01
1043,100,0,20,40,36.51,-31.92,-25.47
1044,100,100,0,40,18.34,12.37,-32.58
1045,100,70,0,40,24.37,-0.91,-34.58
1046,100,40,0,40,30.05,-12.37,-35.18
1047,100,20,0,40,33.71,-19.54,-35.25
1048,100,0,0,40,37.31,-26.3,-35.27
1049,100,0,100,70,22.97,-29.23,7.91
1050,80,65,65,80,16.01,-2.44,-0.61
1051,10,100,100,20,37.11,50.92,32.18
1052,10,70,100,20,46.5,31.43,43.95
1053,10,40,100,20,55.98,13.38,55.18
1054,10,20,100,20,62.54,2.03,62.83
1055,10,10,100,20,65.84,-3.38,66.56
1056,10,0,100,20,69.2,-8.46,70.48
1057,0,100,100,60,24.36,31.4,19.24
1058,0,70,100,60,29.71,19.66,26.7
1059,0,40,100,60,35.39,8.91,34.11
1060,0,20,100,60,39.06,2.18,38.76
1061,0,0,100,60,42.5,-4.09,42.82
1062,0,100,70,60,24.53,33.57,14.03
1063,0,70,70,60,29.85,21.06,18.13
1064,0,40,70,60,36.22,10.01,22.74
1065,0,20,70,60,40.19,2.91,26.19
1066,0,0,70,60,43.95,-3.64,29.67
1067,0,100,40,60,24.45,35.51,6.98
1068,0,70,40,60,30.61,23.04,8.41
1069,0,40,40,60,36.55,11.54,11.21
1070,0,20,40,60,40.89,4.33,13.36
1071,0,0,40,60,45.01,-2.49,15.78
1072,0,100,20,60,24.33,37.21,2.11
1073,0,70,20,60,30.81,24.33,2.03
1074,0,40,20,60,37.08,12.84,3.64
1075,0,20,20,60,41.34,5.57,5.38
1076,0,0,20,60,45.68,-1.27,7.12
1077,0,100,0,60,24.23,39.41,-2.74
1078,0,70,0,60,30.95,25.97,-4.16
1079,0,40,0,60,37.5,14.38,-3.64
1080,0,20,0,60,41.92,7.15,-2.47
1081,0,0,0,60,46.39,0.32,-0.85
1082,0,100,100,70,20.92,25.04,15.12
1083,80,65,65,60,21.65,-3.84,-1.82
1084,20,100,100,20,35.01,46.13,27.83
1085,20,70,100,20,44.23,26.6,39.41
1086,20,40,100,20,53.39,8.75,50.34
1087,20,20,100,20,59.7,-2.45,57.73
1088,20,10,100,20,62.89,-7.68,61.53
1089,20,0,100,20,66.11,-12.68,65.28
1090,20,100,100,60,22.28,25.58,14.79
1091,20,70,100,60,27.63,13.91,22.01
1092,20,40,100,60,32.84,3.42,28.84
1093,20,20,100,60,36.22,-3.18,33.1
1094,20,0,100,60,39.76,-9.47,37.24
1095,20,100,70,60,22.35,27.24,9.18
1096,20,70,70,60,27.91,15.32,13.59
1097,20,40,70,60,33.4,4.57,17.64
1098,20,20,70,60,37.04,-2.39,20.77
1099,20,0,70,60,40.81,-8.91,23.98
1100,20,100,40,60,22.25,29.56,2.11
1101,20,70,40,60,28.21,17.25,3.89
1102,20,40,40,60,33.86,6.13,6.46
1103,20,20,40,60,37.7,-0.83,8.31
1104,20,0,40,60,41.53,-7.53,10.45
1105,20,100,20,60,22.1,31.61,-2.81
1106,20,70,20,60,28.31,18.82,-2.53
1107,20,40,20,60,34.2,7.66,-1.04
1108,20,20,20,60,38.18,0.63,0.45
1109,20,0,20,60,42.01,-6.05,1.88
1110,20,100,0,60,21.91,33.84,-7.3
1111,20,70,0,60,28.42,20.96,-8.5
1112,20,40,0,60,34.54,9.73,-8.15
1113,20,20,0,60,38.66,2.68,-7.22
1114,20,0,0,60,42.84,-4.09,-6.17
1115,40,40,0,70,26.35,4.65,-10.54
1116,80,65,65,40,27.35,-5.01,-2.4
1117,40,100,100,20,30.91,36.2,19.45
1118,40,70,100,20,39.7,16.65,30.45
1119,40,40,100,20,48.11,-0.69,40.46
1120,40,20,100,20,53.92,-11.41,47.48
1121,40,10,100,20,56.88,-16.42,51.06
1122,40,0,100,20,59.89,-21.16,54.6
1123,40,100,100,60,20.2,19.66,10.43
1124,40,70,100,60,25.34,8.17,17.07
1125,40,40,100,60,30.13,-2.03,23.23
1126,40,20,100,60,33.27,-8.59,27.14
1127,40,0,100,60,36.62,-14.91,31.14
1128,40,100,70,60,20.24,21.29,4.68
1129,40,70,70,60,25.57,9.74,8.91
1130,40,40,70,60,30.55,-0.66,12.55
1131,40,20,70,60,33.89,-7.55,15.3
1132,40,0,70,60,37.41,-14.03,18.33
1133,40,100,40,60,20.06,24.06,-2.3
1134,40,70,40,60,25.7,11.96,-0.55
1135,40,40,40,60,30.97,1.25,1.63
1136,40,20,40,60,34.38,-5.74,3.29
1137,40,0,40,60,37.84,-12.24,5.2
1138,40,100,20,60,19.85,26.18,-7.14
1139,40,70,20,60,25.78,13.89,-6.84
1140,40,40,20,60,31.25,3.1,-5.63
1141,40,20,20,60,34.92,-3.83,-4.58
1142,40,0,20,60,38.57,-10.38,-3.27
1143,40,100,0,60,19.74,28.49,-11.83
1144,40,70,0,60,25.87,16.21,-12.92
1145,40,40,0,60,31.54,5.37,-12.77
1146,40,20,0,60,35.4,-1.56,-12.15
1147,40,0,0,60,39.2,-8.05,-11.36
1148,40,0,40,70,31.5,-10.56,3.99
1149,60,45,45,100,10.83,-0.8,0.21
1150,70,100,100,20,25.41,18.98,7.57
1151,70,70,100,20,33.11,-0.07,16.61
1152,70,40,100,20,40.33,-16.28,25.34
1153,70,20,100,20,45.39,-26.32,31.4
1154,70,10,100,20,47.94,-30.99,34.47
1155,70,0,100,20,50.46,-35.44,37.39
1156,70,100,100,60,17.41,9.67,4.16
1157,70,70,100,60,22.05,-1.35,9.25
1158,70,40,100,60,25.85,-11.12,14.12
1159,70,20,100,60,28.66,-17.53,17.53
1160,70,0,100,60,31.61,-23.86,21.06
1161,70,100,70,60,17.4,11.77,-1.62
1162,70,70,70,60,22.18,0.88,1.74
1163,70,40,70,60,26.28,-9.54,4.89
1164,70,20,70,60,29.14,-16.02,7.11
1165,70,0,70,60,31.99,-22.39,9.41
1166,70,100,40,60,17.09,14.8,-8.54
1167,70,70,40,60,22.22,3.4,-7.03
1168,70,40,40,60,26.67,-6.74,-5.74
1169,70,20,40,60,29.76,-13.33,-4.38
1170,70,0,40,60,32.82,-19.46,-3.02
1171,70,100,20,60,17.02,17.24,-13.44
1172,70,70,20,60,22.31,5.78,-13.26
1173,70,40,20,60,27.04,-4.33,-12.68
1174,70,20,20,60,30.12,-10.82,-12.08
1175,70,0,20,60,33.32,-16.87,-11.17
1176,70,100,0,60,17.01,19.86,-18.39
1177,70,70,0,60,22.24,8.49,-19.63
1178,70,40,0,60,27.3,-1.42,-19.69
1179,70,20,0,60,30.59,-7.79,-19.37
1180,70,0,0,60,33.76,-13.97,-19.14
1181,0,40,40,70,30.54,9.54,9.19
1182,60,45,45,80,19.04,-1.81,-1.1
1183,100,100,100,20,20.59,-3.43,-4.43
1184,100,70,100,20,26.82,-21.19,1.83
1185,100,40,100,20,32.76,-36.51,8.41
1186,100,20,100,20,36.77,-45.95,13.01
1187,100,10,100,20,38.76,-50.46,15.35
1188,100,0,100,20,40.74,-54.71,17.56
1189,100,100,100,60,15.36,-2.17,-2.16
1190,100,70,100,60,18.55,-12.94,0.85
1191,100,40,100,60,21.95,-22.34,4.27
1192,100,20,100,60,24.22,-28.48,6.83
1193,100,0,100,60,26.47,-34.59,9.51
1194,100,100,70,60,15.1,-0.33,-7.63
1195,100,70,70,60,18.69,-10.57,-6.19
1196,100,40,70,60,22.26,-20.17,-4.02
1197,100,20,70,60,24.68,-26.2,-2.5
1198,100,0,70,60,27.09,-31.8,-1.1
1199,100,100,40,60,15.22,3.33,-14.57
1200,100,70,40,60,19.08,-6.89,-14.63
1201,100,40,40,60,22.6,-16.55,-13.77
1202,100,20,40,60,25.18,-22.44,-13
1203,100,0,40,60,27.73,-27.89,-12.25
1204,100,100,20,60,15.25,6.25,-19.52
1205,100,70,20,60,19.25,-3.81,-20.44
1206,100,40,20,60,23.02,-13.09,-20.35
1207,100,20,20,60,25.54,-19.25,-20.26
1208,100,0,20,60,28.22,-24.59,-19.9
1209,100,100,0,60,15.2,9.51,-24.65
1210,100,70,0,60,19.26,-0.17,-26.49
1211,100,40,0,60,23.38,-9.13,-26.87
1212,100,20,0,60,26.06,-15.01,-27.09
1213,100,0,0,60,28.77,-20.85,-27.57
1214,0,0,0,0,95.08,1.04,-1.06
1215,60,45,45,60,27.22,-2.65,-1.85
1216,40,27,27,60,33.5,-2.16,-2.29
1217,20,12,12,80,26.44,-1.17,-1.52
1218,10,6,6,20,72.81,-0.46,-2.24
1219,0,100,0,100,10.17,11.25,2.36
1220,0,40,0,100,12.14,5.5,0.21
1221,0,0,0,100,14,0,-0.2
1222,0,100,40,80,17.55,22.55,5.1
1223,0,70,40,80,21.08,15.18,5.76
1224,0,40,40,80,24.56,7.5,7.29
1225,0,0,40,80,29.67,-2.27,10.04
1226,0,100,0,80,16.97,26.59,-0.61
1227,0,70,0,80,20.9,17.76,-2.1
1228,0,40,0,80,24.8,10.04,-1.97
1229,0,0,0,80,30.26,0.25,-0.18
1230,3,40,3,40,49.47,17.47,-4.35
1231,40,40,3,40,41.81,6.5,-15.43
1232,3,0,40,40,59.77,-3.83,20.78
1233,0,3,40,40,59.61,-1.53,21.31
1234,3,3,40,40,58.91,-2.54,20.26
1235,40,3,40,40,49.79,-14.13,7.34
1236,3,40,40,40,48.13,14.5,14.42
1237,7,7,0,0,88.88,2.62,-5.55
1238,7,0,7,0,91.57,-2.62,1.51
1239,0,7,7,0,91.01,4.56,3.84
1240,7,7,7,0,88.3,1.7,0.43
1241,7,0,0,7,86.7,-1.79,-4.75
1242,0,7,0,7,86.13,5.08,-2.34
1243,7,7,0,7,83.55,2.3,-5.49
1244,0,0,7,7,88.79,-0.06,4.62
1245,7,0,7,7,86.06,-2.7,1.15
1246,0,7,7,7,85.55,4.15,3.35
1247,7,7,7,7,82.99,1.4,0.12
1248,60,45,45,40,35.4,-3.24,-2.15
1249,40,27,27,40,44.36,-2.49,-2.68
1250,20,12,12,60,40,-1.38,-2.12
1251,10,6,6,10,80.2,-0.28,-2.09
1252,40,100,0,100,9.66,8.12,0.17
1253,40,40,0,100,10.74,2.21,-2.96
1254,40,0,0,100,12.02,-2.52,-4.02
1255,40,100,40,80,14.81,15.15,-0.6
1256,40,70,40,80,18.14,7.74,0.15
1257,40,40,40,80,21.31,0.48,1.07
1258,40,0,40,80,25.15,-8.79,2.85
1259,40,100,0,80,14.38,18.74,-6.53
1260,40,70,0,80,17.84,11.15,-7.87
1261,40,40,0,80,21.16,3.87,-8.17
1262,40,0,0,80,25.72,-5.46,-7.79
1263,0,3,40,3,88.06,-1.06,33.52
1264,3,3,40,3,86.91,-2.41,31.95
1265,40,3,40,3,72.36,-18.33,12.1
1266,0,40,40,3,71.32,23.51,23.57
1267,3,40,40,3,70.33,22.12,22.1
1268,40,40,40,3,58.38,4.42,4.81
1269,3,0,0,40,61.81,-0.52,-2.5
1270,0,3,0,40,61.6,1.7,-1.82
1271,3,3,0,40,60.89,0.79,-2.79
1272,40,3,0,40,51.82,-9.11,-15.02
1273,3,40,0,40,49.58,17.81,-5.79
1274,0,0,3,40,62.37,0.08,0.19
1275,3,0,3,40,61.63,-0.84,-0.81
1276,40,0,3,40,52.43,-10.78,-13.19
1277,0,3,3,40,61.43,1.38,-0.1
1278,3,3,3,40,60.74,0.44,-1.11
1279,40,3,3,40,51.67,-9.6,-13.4
1280,0,40,3,40,50.08,18.45,-3.41
1281,60,45,45,20,43.44,-3.54,-2.12
1282,40,27,27,20,55.09,-2.56,-2.81
1283,20,12,12,40,53.59,-1.52,-2.64
1284,100,85,85,0,27.59,-12.67,-6.28
1285,100,100,0,100,8.69,5.08,-2.56
1286,100,40,0,100,9.89,-0.3,-5.42
1287,100,0,0,100,11.16,-3.67,-6.99
1288,70,100,40,80,13.04,9.49,-4.48
1289,70,70,40,80,16.07,2.4,-4.02
1290,70,40,40,80,18.63,-4.36,-3.72
1291,70,0,40,80,22.43,-13.36,-2.26
1292,70,100,0,80,12.75,13.3,-10.86
1293,70,70,0,80,15.6,6.31,-12.33
1294,70,40,0,80,18.67,-0.46,-12.82
1295,70,0,0,80,22.58,-9.31,-12.9
1296,0,3,0,3,91.19,2.82,-1.64
1297,3,3,0,3,90.03,1.59,-3.04
1298,40,3,0,3,75.58,-11.75,-21.44
1299,0,40,0,3,73.5,27.73,-6.16
1300,3,40,0,3,72.53,26.38,-7.46
1301,40,40,0,3,60.52,10.56,-23.17
1302,0,0,3,3,92.38,0.55,1.47
1303,3,0,3,3,91.16,-0.61,-0.08
1304,40,0,3,3,76.5,-14.03,-18.76
1305,0,3,3,3,90.94,2.41,0.91
1306,3,3,3,3,89.79,1.21,-0.53
1307,40,3,3,3,75.34,-12.4,-19.05
1308,0,40,3,3,73.34,27.3,-3.98
1309,3,40,3,3,72.35,26.02,-5.32
1310,40,40,3,3,60.35,9.96,-21.11
1311,0,0,40,3,89.45,-2.92,34.41
1312,3,0,40,3,88.24,-4.23,32.76
1313,40,0,40,3,73.47,-19.99,12.71
1314,40,27,27,100,11.7,-1.1,-0.74
1315,40,27,27,10,60.37,-2.48,-2.8
1316,20,12,12,20,67.07,-1.45,-2.91
1317,80,65,65,0,38.38,-6.21,-2.41
1318,0,100,40,100,11.4,8.14,3.92
1319,0,40,40,100,12.8,3.31,3.66
1320,0,0,40,100,14.38,-2.39,4.31
1321,100,100,40,80,12.19,2.71,-8.14
1322,100,70,40,80,14.43,-3.88,-8.9
1323,100,40,40,80,16.29,-10.42,-8.7
1324,100,0,40,80,19.56,-18.08,-8.05
1325,100,100,0,80,11.98,6.97,-15.06
1326,100,70,0,80,14.18,0.88,-16.79
1327,100,40,0,80,16.64,-5.14,-17.1
1328,100,0,0,80,20.1,-13.72,-18.61
1329,3,3,0,0,92.41,1.71,-3.01
1330,40,3,0,0,77.52,-11.89,-21.97
1331,3,40,0,0,74.4,27.13,-7.55
1332,3,0,3,0,93.57,-0.54,0.04
1333,40,0,3,0,78.47,-14.23,-19.21
1334,0,3,3,0,93.33,2.53,1.05
1335,3,3,3,0,92.16,1.31,-0.42
1336,40,3,3,0,77.27,-12.55,-19.51
1337,0,40,3,0,75.23,28.07,-3.98
1338,3,40,3,0,74.21,26.78,-5.35
1339,40,40,3,0,61.85,10.31,-21.52
1340,3,0,40,0,90.58,-4.19,33.78
1341,0,3,40,0,90.4,-0.96,34.56
1342,3,3,40,0,89.22,-2.34,32.95
1343,40,3,40,0,74.2,-18.61,12.51
1344,3,40,40,0,72.16,22.78,22.75
1345,3,0,0,3,91.44,-0.21,-2.72
1346,40,0,0,3,76.77,-13.38,-21.28
1347,40,27,27,80,22.64,-1.68,-1.64
1348,20,12,12,100,12.76,-0.92,-1.09
1349,20,12,12,10,73.75,-1.29,-2.9
1350,60,45,45,0,51.36,-3.48,-1.93
1351,40,100,40,100,9.96,5.52,2.04
1352,40,40,40,100,11.64,-0.27,0.89
1353,40,0,40,100,12.35,-5.05,0.68
1354,0,100,100,80,17.78,18.57,11.64
1355,0,70,100,80,20.68,11.72,16.23
1356,0,40,100,80,24.12,4.83,20.95
1357,0,0,100,80,28.4,-3.77,26.12
1358,0,100,70,80,17.82,21,9.4
1359,0,70,70,80,20.57,13.25,11.71
1360,0,40,70,80,24.68,6.07,14.59
1361,0,0,70,80,29.24,-3.25,18.84
1362,0,0,0,100,14,0,-0.2
1363,0,0,0,98,15.63,0.03,-0.21
1364,0,0,0,95,18.06,0.07,-0.23
1365,0,0,0,90,22.13,0.15,-0.24
1366,0,0,0,85,26.19,0.21,-0.23
1367,0,0,0,80,30.26,0.25,-0.18
1368,0,0,0,75,34.33,0.3,-0.13
1369,0,0,0,70,38.35,0.31,-0.39
1370,0,0,0,60,46.39,0.32,-0.85
1371,0,0,0,50,54.45,0.34,-1.25
1372,0,0,0,40,62.53,0.39,-1.49
1373,0,0,0,30,70.62,0.49,-1.68
1374,0,0,0,25,74.66,0.56,-1.76
1375,0,0,0,20,78.75,0.61,-1.64
1376,0,0,0,15,82.84,0.69,-1.51
1377,0,0,0,10,86.92,0.77,-1.36
1378,0,0,0,7,89.37,0.84,-1.28
1379,0,0,0,5,91.01,0.89,-1.22
1380,0,0,0,3,92.64,0.95,-1.16
1381,0,0,0,2,93.45,0.98,-1.13
1382,10,6,6,100,13.36,-0.7,-0.7
1383,40,27,27,0,65.72,-2.24,-2.72
1384,100,100,40,100,9.19,2.25,-0.48
1385,100,40,40,100,9.95,-3.49,-2.21
1386,100,0,40,100,11.24,-6.96,-2.47
1387,40,100,100,80,15.51,11.08,6.84
1388,40,70,100,80,18.32,4.26,10.61
1389,40,40,100,80,21.11,-2.43,14.34
1390,40,0,100,80,24.97,-11.14,19.12
1391,40,100,70,80,15.25,12.72,3.67
1392,40,70,70,80,18.38,5.69,6.04
1393,40,40,70,80,21.34,-1.09,8.28
1394,40,0,70,80,25.43,-10.43,11.65
1395,0,0,100,0,88.08,-3.17,93.11
1396,0,0,98,0,88.19,-3.26,91.14
1397,0,0,95,0,88.35,-3.39,88.21
1398,0,0,90,0,88.62,-3.56,83.3
1399,0,0,85,0,88.9,-3.67,78.42
1400,0,0,80,0,89.18,-3.74,73.54
1401,0,0,75,0,89.47,-3.77,68.69
1402,0,0,70,0,89.78,-3.79,63.88
1403,0,0,60,0,90.42,-3.65,54.32
1404,0,0,50,0,91.1,-3.33,44.85
1405,0,0,40,0,91.82,-2.86,35.47
1406,0,0,30,0,92.58,-2.19,26.18
1407,0,0,25,0,92.97,-1.79,21.57
1408,0,0,20,0,93.38,-1.32,17
1409,0,0,15,0,93.79,-0.81,12.47
1410,0,0,10,0,94.21,-0.25,7.94
1411,0,0,7,0,94.47,0.11,5.23
1412,0,0,5,0,94.64,0.36,3.43
1413,0,0,3,0,94.82,0.63,1.63
1414,0,0,2,0,94.9,0.76,0.73
1415,10,6,6,80,28.32,-0.63,-0.92
1416,20,12,12,0,80.54,-1,-2.86
1417,0,100,100,100,12.29,5.31,6.34
1418,0,40,100,100,13.24,0.62,7.55
1419,0,0,100,100,15.33,-4.02,8.74
1420,70,100,100,80,13.85,5.13,3.23
1421,70,70,100,80,16.56,-1.54,6.09
1422,70,40,100,80,18.59,-7.89,8.98
1423,70,0,100,80,22.12,-16.76,13.22
1424,70,100,70,80,13.58,7.15,0.13
1425,70,70,70,80,16.44,0.36,1.7
1426,70,40,70,80,18.68,-6.63,3.4
1427,70,0,70,80,22.05,-15.58,5.99
1428,0,100,0,0,48.02,75,-2.04
1429,0,98,0,0,48.87,73.42,-2.51
1430,0,95,0,0,50.13,71.06,-3.2
1431,0,90,0,0,52.27,67.15,-4.23
1432,0,85,0,0,54.42,63.27,-5.15
1433,0,80,0,0,56.6,59.43,-5.97
1434,0,75,0,0,58.81,55.59,-6.63
1435,0,70,0,0,61.13,51.57,-6.86
1436,0,60,0,0,65.82,43.68,-7.03
1437,0,50,0,0,70.57,35.99,-6.85
1438,0,40,0,0,75.4,28.51,-6.22
1439,0,30,0,0,80.27,21.26,-5.31
1440,0,25,0,0,82.72,17.73,-4.75
1441,0,20,0,0,85.18,14.27,-4.11
1442,0,15,0,0,87.66,10.86,-3.42
1443,0,10,0,0,90.13,7.52,-2.68
1444,0,7,0,0,91.61,5.54,-2.22
1445,0,5,0,0,92.61,4.25,-1.89
1446,0,3,0,0,93.6,2.96,-1.56
1447,0,2,0,0,94.09,2.32,-1.4
1448,10,6,6,60,43.12,-0.67,-1.51
1449,10,6,6,0,87.68,0.02,-1.9
1450,40,100,100,100,11.5,1.94,4.18
1451,40,40,100,100,12.04,-2.88,4.84
1452,40,0,100,100,13.17,-7.09,6.34
1453,100,100,100,80,12.99,-1.44,-0.27
1454,100,70,100,80,14.46,-8.28,1.24
1455,100,40,100,80,16.39,-14.46,3.15
1456,100,0,100,80,19.35,-23.15,6.4
1457,100,100,70,80,12.4,0.05,-3.59
1458,100,70,70,80,14.37,-6.59,-3.12
1459,100,40,70,80,16.42,-12.94,-2.17
1460,100,0,70,80,19.48,-20.93,-0.77
1461,100,0,0,0,54.32,-35.13,-51.02
1462,98,0,0,0,55.12,-34.35,-50.05
1463,95,0,0,0,56.32,-33.16,-48.58
1464,90,0,0,0,58.34,-31.23,-46.14
1465,85,0,0,0,60.37,-29.39,-43.72
1466,80,0,0,0,62.42,-27.63,-41.31
1467,75,0,0,0,64.46,-25.96,-38.91
1468,70,0,0,0,66.49,-24.08,-36.47
1469,60,0,0,0,70.58,-20.49,-31.61
1470,50,0,0,0,74.67,-17.07,-26.79
1471,40,0,0,0,78.75,-13.56,-21.81
1472,30,0,0,0,82.84,-10.03,-16.8
1473,25,0,0,0,84.88,-8.26,-14.28
1474,20,0,0,0,86.93,-6.47,-11.68
1475,15,0,0,0,88.97,-4.66,-9.05
1476,10,0,0,0,91.01,-2.81,-6.41
1477,7,0,0,0,92.24,-1.68,-4.81
1478,5,0,0,0,93.05,-0.92,-3.75
1479,3,0,0,0,93.86,-0.14,-2.68
1480,2,0,0,0,94.26,0.25,-2.15
1481,10,6,6,40,58,-0.65,-2.06
1482,5,3,3,0,91.35,0.53,-1.49
1483,100,100,100,100,10.67,-0.6,2.07
1484,100,40,100,100,10.88,-6,2.7
1485,100,0,100,100,11.98,-9.56,3.52
1486,0,0,0,10,86.92,0.77,-1.36
1487,0,0,10,10,86.12,-0.45,6.82
1488,0,0,20,10,85.36,-1.48,15.05
1489,0,0,40,10,83.93,-3.02,31.93
1490,0,0,70,10,81.97,-4.07,57.91
1491,0,10,0,10,82.43,6.72,-2.81
1492,0,10,10,10,81.66,5.46,4.99
1493,0,10,20,10,80.95,4.43,12.92
1494,0,10,40,10,79.63,2.91,29.21
1495,0,10,70,10,77.8,1.81,54.31
1496,0,20,0,10,77.95,12.89,-4.09
1497,0,20,10,10,77.25,11.65,3.37
1498,0,20,20,10,76.58,10.57,10.93
1499,0,20,40,10,75.37,9.05,26.56
1500,0,20,70,10,73.68,7.91,50.73
1501,0,40,0,10,69.1,25.91,-6.02
1502,0,40,10,10,68.57,24.64,0.84
1503,0,40,20,10,68.04,23.56,7.74
1504,0,40,40,10,67.02,21.92,22
1505,0,40,70,10,65.66,20.75,43.98
1506,0,70,0,10,56.17,46.91,-6.7
1507,0,70,10,10,55.91,45.61,-0.94
1508,0,70,20,10,55.66,44.45,4.88
1509,0,70,40,10,55.08,42.71,16.72
1510,0,70,70,10,54.25,40.96,35.25
1511,10,0,0,10,83.25,-2.88,-6.15
1512,10,0,10,10,82.38,-4.18,1.99
1513,10,0,20,10,81.62,-5.35,10.12
1514,10,0,40,10,80.21,-7.14,26.81
1515,10,0,70,10,78.27,-8.52,52.41
1516,10,10,0,10,78.93,2.85,-7.13
1517,10,10,10,10,78.2,1.58,0.49
1518,10,10,20,10,77.48,0.42,8.33
1519,10,10,40,10,76.16,-1.39,24.37
1520,10,10,70,10,74.36,-2.84,49.03
1521,10,20,0,10,74.62,8.89,-8.27
1522,10,20,10,10,73.95,7.64,-0.97
1523,10,20,20,10,73.28,6.45,6.47
1524,10,20,40,10,72.07,4.64,21.87
1525,10,20,70,10,70.42,3.17,45.61
1526,10,40,0,10,66.07,21.69,-10.06
1527,10,40,10,10,65.52,20.47,-3.43
1528,10,40,20,10,64.99,19.29,3.36
1529,10,40,40,10,63.98,17.44,17.42
1530,10,40,70,10,62.63,15.92,39.02
1531,10,70,0,10,53.59,42.3,-10.69
1532,10,70,10,10,53.27,41.12,-5.19
1533,10,70,20,10,53.01,39.89,0.55
1534,10,70,40,10,52.43,37.94,12.32
1535,10,70,70,10,51.6,36,30.58
1536,20,0,0,10,79.59,-6.32,-10.87
1537,20,0,10,10,78.73,-7.81,-2.83
1538,20,0,20,10,77.91,-9.07,5.28
1539,20,0,40,10,76.5,-11.16,21.74
1540,20,0,70,10,74.59,-12.91,46.91
1541,20,10,0,10,75.45,-0.73,-11.72
1542,20,10,10,10,74.72,-2.19,-4.19
1543,20,10,20,10,73.96,-3.44,3.63
1544,20,10,40,10,72.63,-5.53,19.47
1545,20,10,70,10,70.86,-7.33,43.72
1546,20,20,0,10,71.3,5.11,-12.45
1547,20,20,10,10,70.63,3.69,-5.23
1548,20,20,20,10,69.99,2.46,2.07
1549,20,20,40,10,68.78,0.36,17.25
1550,20,20,70,10,67.15,-1.51,40.5
1551,20,40,0,10,63.07,17.62,-14.02
1552,20,40,10,10,62.52,16.25,-7.45
1553,20,40,20,10,62,15.05,-0.81
1554,20,40,40,10,61,12.97,13.03
1555,20,40,70,10,59.65,11.06,34.19
1556,20,70,0,10,51.03,37.83,-14.56
1557,20,70,10,10,50.71,36.5,-9.09
1558,20,70,20,10,50.4,35.35,-3.58
1559,20,70,40,10,49.81,33.2,8.04
1560,20,70,70,10,49,30.98,25.98
1561,40,0,0,10,72.22,-12.93,-20.06
1562,40,0,10,10,71.4,-14.88,-12.22
1563,40,0,20,10,70.61,-16.56,-4.3
1564,40,0,40,10,69.13,-19.23,11.76
1565,40,0,70,10,67.32,-21.65,35.98
1566,40,10,0,10,68.46,-7.64,-20.65
1567,40,10,10,10,67.74,-9.56,-13.32
1568,40,10,20,10,67,-11.2,-5.68
1569,40,10,40,10,65.62,-13.87,9.78
1570,40,10,70,10,63.88,-16.41,33.08
1571,40,20,0,10,64.67,-2.08,-21.14
1572,40,20,10,10,64.01,-3.96,-14.1
1573,40,20,20,10,63.38,-5.57,-7
1574,40,20,40,10,62.09,-8.22,7.84
1575,40,20,70,10,60.48,-10.86,30.14
1576,40,40,0,10,57.02,9.76,-22.08
1577,40,40,10,10,56.5,7.97,-15.59
1578,40,40,20,10,56.01,6.41,-9.06
1579,40,40,40,10,55.02,3.88,4.3
1580,40,40,70,10,53.69,1.14,24.56
1581,40,70,0,10,45.86,29.11,-22.42
1582,40,70,10,10,45.57,27.39,-16.95
1583,40,70,20,10,45.27,25.9,-11.49
1584,40,70,40,10,44.67,23.39,-0.28
1585,40,70,70,10,43.82,20.66,16.95
1586,70,0,0,10,61.15,-22.7,-33.5
1587,70,0,10,10,60.37,-25.59,-26.05
1588,70,0,20,10,59.63,-28.18,-18.56
1589,70,0,40,10,58.26,-32.48,-3.43
1590,70,0,70,10,56.47,-36.65,19.13
1591,70,10,0,10,58.01,-17.97,-33.64
1592,70,10,10,10,57.32,-20.77,-26.7
1593,70,10,20,10,56.63,-23.3,-19.47
1594,70,10,40,10,55.31,-27.53,-4.86
1595,70,10,70,10,53.63,-31.68,16.85
1596,70,20,0,10,54.82,-12.97,-33.74
1597,70,20,10,10,54.19,-15.69,-27.05
1598,70,20,20,10,53.58,-18.15,-20.34
1599,70,20,40,10,52.35,-22.29,-6.29
1600,70,20,70,10,50.75,-26.44,14.51
1601,70,40,0,10,48.31,-2.35,-33.99
1602,70,40,10,10,47.8,-4.88,-27.75
1603,70,40,20,10,47.31,-7.21,-21.55
1604,70,40,40,10,46.33,-11.08,-9.01
1605,70,40,70,10,44.98,-15.27,10
1606,70,70,0,10,38.46,15.2,-33.78
1607,70,70,10,10,38.22,12.77,-28.45
1608,70,70,20,10,37.97,10.6,-23.1
1609,70,70,40,10,37.36,6.95,-12.33
1610,70,70,70,10,36.54,2.99,3.81
1611,50,40,40,0,56.52,-0.06,0.27
1612,100,0,0,10,50.12,-33.13,-46.98
1613,0,100,0,10,43.93,68.83,-2.92
1614,0,0,100,10,80.15,-3.78,84.4
1615,0,100,100,10,43.16,61.55,41.21
1616,100,0,100,10,44.23,-59.58,19.88
1617,100,100,0,10,22.81,16.91,-42.78
END_DATA,,,,,,,