train,test,model,median,p95,max,mean,n
IFRA-wb-Age_64a_wb-CMYK,IFRA-wb-Arena_111_wb-CMYK,gaussian_process,4.377,7.704,11.828,4.535,1485
IFRA-wb-Age_64a_wb-CMYK,IFRA-wb-Arena_111_wb-CMYK,poly3,4.461,8.399,20.21,4.717,1485
IFRA-wb-Age_64a_wb-CMYK,IFRA-wb-Arena_111_wb-CMYK,svm,4.359,7.776,12.01,4.565,1485
IFRA-wb-Age_64a_wb-CMYK,IFRA-wb-Arena_111_wb-CMYK,mlp_deep,4.593,8.022,12.453,4.74,1485
IFRA-wb-Age_64a_wb-CMYK,IFRA-wb-Dnvk_131_wb-CMYK,gaussian_process,1.783,3.478,6.51,1.884,1485
IFRA-wb-Age_64a_wb-CMYK,IFRA-wb-Dnvk_131_wb-CMYK,poly3,1.855,4.343,19.778,2.142,1485
IFRA-wb-Age_64a_wb-CMYK,IFRA-wb-Dnvk_131_wb-CMYK,svm,1.798,3.725,7.714,1.902,1485
IFRA-wb-Age_64a_wb-CMYK,IFRA-wb-Dnvk_131_wb-CMYK,mlp_deep,2.038,4.752,10.177,2.297,1485
IFRA-wb-Age_64a_wb-CMYK,IFRA-wb-GratN_90_wb-CMYK,gaussian_process,5.433,9.232,12.871,5.55,1485
IFRA-wb-Age_64a_wb-CMYK,IFRA-wb-GratN_90_wb-CMYK,poly3,5.563,9.352,20.596,5.771,1485
IFRA-wb-Age_64a_wb-CMYK,IFRA-wb-GratN_90_wb-CMYK,svm,5.376,9.313,14.812,5.598,1485
IFRA-wb-Age_64a_wb-CMYK,IFRA-wb-GratN_90_wb-CMYK,mlp_deep,5.634,9.37,13.183,5.782,1485
IFRA-wb-Age_64a_wb-CMYK,IFRA-wb-Mbd_103a_wb-CMYK,gaussian_process,2.579,4.896,7.76,2.746,1485
IFRA-wb-Age_64a_wb-CMYK,IFRA-wb-Mbd_103a_wb-CMYK,poly3,2.721,5.318,20.039,2.974,1485
IFRA-wb-Age_64a_wb-CMYK,IFRA-wb-Mbd_103a_wb-CMYK,svm,2.626,5.012,9.851,2.813,1485
IFRA-wb-Age_64a_wb-CMYK,IFRA-wb-Mbd_103a_wb-CMYK,mlp_deep,2.889,5.852,11.245,3.125,1485
IFRA-wb-Age_64a_wb-CMYK,IFRA-wb-NordK_92a_wb-CMYK,gaussian_process,3.375,6.26,9.889,3.543,1485
IFRA-wb-Age_64a_wb-CMYK,IFRA-wb-NordK_92a_wb-CMYK,poly3,3.463,6.551,20.145,3.718,1485
IFRA-wb-Age_64a_wb-CMYK,IFRA-wb-NordK_92a_wb-CMYK,svm,3.448,6.377,9.464,3.56,1485
IFRA-wb-Age_64a_wb-CMYK,IFRA-wb-NordK_92a_wb-CMYK,mlp_deep,3.637,6.631,10.562,3.812,1485
IFRA-wb-Age_64a_wb-CMYK,IFRA-wb-PressJ_158_wb-CMYK,gaussian_process,6.803,12.243,17.132,7.036,1485
IFRA-wb-Age_64a_wb-CMYK,IFRA-wb-PressJ_158_wb-CMYK,poly3,6.994,12.353,20.976,7.196,1485
IFRA-wb-Age_64a_wb-CMYK,IFRA-wb-PressJ_158_wb-CMYK,svm,6.852,12.214,15.94,7.027,1485
IFRA-wb-Age_64a_wb-CMYK,IFRA-wb-PressJ_158_wb-CMYK,mlp_deep,7.007,12.451,18.093,7.256,1485
IFRA-wb-Age_64a_wb-CMYK,IFRA-wb-RZPOI_125_2_wb-CMYK,gaussian_process,3.72,10.201,18.318,4.356,1485
IFRA-wb-Age_64a_wb-CMYK,IFRA-wb-RZPOI_125_2_wb-CMYK,poly3,3.79,10.778,22.021,4.541,1485
IFRA-wb-Age_64a_wb-CMYK,IFRA-wb-RZPOI_125_2_wb-CMYK,svm,3.638,10.437,19.547,4.358,1485
IFRA-wb-Age_64a_wb-CMYK,IFRA-wb-RZPOI_125_2_wb-CMYK,mlp_deep,3.93,10.48,19.839,4.596,1485
IFRA-wb-Age_64a_wb-CMYK,IFRA-wb-SudK_99_2_wb-CMYK,gaussian_process,3.491,7.356,12.058,3.81,1485
IFRA-wb-Age_64a_wb-CMYK,IFRA-wb-SudK_99_2_wb-CMYK,poly3,3.736,7.22,21.288,4.0,1485
IFRA-wb-Age_64a_wb-CMYK,IFRA-wb-SudK_99_2_wb-CMYK,svm,3.659,7.331,11.552,3.891,1485
IFRA-wb-Age_64a_wb-CMYK,IFRA-wb-SudK_99_2_wb-CMYK,mlp_deep,3.834,7.839,12.347,4.143,1485
IFRA-wb-Age_64a_wb-CMYK,IFRA-wb-Sudz_100_wb-CMYK,gaussian_process,3.445,7.647,23.285,3.876,1485
IFRA-wb-Age_64a_wb-CMYK,IFRA-wb-Sudz_100_wb-CMYK,poly3,3.382,8.632,25.241,3.957,1485
IFRA-wb-Age_64a_wb-CMYK,IFRA-wb-Sudz_100_wb-CMYK,svm,3.413,7.807,22.602,3.864,1485
IFRA-wb-Age_64a_wb-CMYK,IFRA-wb-Sudz_100_wb-CMYK,mlp_deep,3.607,9.123,25.798,4.18,1485
IFRA-wb-Age_64a_wb-CMYK,IFRA-wb-TagesA_147_2_wb-CMYK,gaussian_process,2.048,4.155,6.884,2.237,1485
IFRA-wb-Age_64a_wb-CMYK,IFRA-wb-TagesA_147_2_wb-CMYK,poly3,2.197,4.607,20.705,2.44,1485
IFRA-wb-Age_64a_wb-CMYK,IFRA-wb-TagesA_147_2_wb-CMYK,svm,2.072,4.182,8.098,2.252,1485
IFRA-wb-Age_64a_wb-CMYK,IFRA-wb-TagesA_147_2_wb-CMYK,mlp_deep,2.399,5.322,11.978,2.688,1485
IFRA-wb-Age_64a_wb-CMYK,IFRA-wb-TagesA_147_wb-CMYK,gaussian_process,2.061,3.951,6.572,2.207,1485
IFRA-wb-Age_64a_wb-CMYK,IFRA-wb-TagesA_147_wb-CMYK,poly3,2.166,4.444,20.614,2.396,1485
IFRA-wb-Age_64a_wb-CMYK,IFRA-wb-TagesA_147_wb-CMYK,svm,2.031,4.075,8.259,2.203,1485
IFRA-wb-Age_64a_wb-CMYK,IFRA-wb-TagesA_147_wb-CMYK,mlp_deep,2.377,5.176,10.438,2.656,1485
IFRA-wb-Age_64a_wb-CMYK,IFRA-wb-marca_133_wb-CMYK,gaussian_process,3.175,7.371,12.385,3.523,1485
IFRA-wb-Age_64a_wb-CMYK,IFRA-wb-marca_133_wb-CMYK,poly3,3.321,7.839,19.849,3.732,1485
IFRA-wb-Age_64a_wb-CMYK,IFRA-wb-marca_133_wb-CMYK,svm,3.132,7.439,15.906,3.573,1485
IFRA-wb-Age_64a_wb-CMYK,IFRA-wb-marca_133_wb-CMYK,mlp_deep,3.347,7.875,13.745,3.764,1485
IFRA-wb-Arena_111_wb-CMYK,IFRA-wb-Age_64a_wb-CMYK,gaussian_process,4.436,7.756,11.886,4.575,1485
IFRA-wb-Arena_111_wb-CMYK,IFRA-wb-Age_64a_wb-CMYK,poly3,4.537,7.28,12.849,4.601,1485
IFRA-wb-Arena_111_wb-CMYK,IFRA-wb-Age_64a_wb-CMYK,svm,4.428,7.614,10.831,4.565,1485
IFRA-wb-Arena_111_wb-CMYK,IFRA-wb-Age_64a_wb-CMYK,mlp_deep,4.672,7.755,12.147,4.741,1485
IFRA-wb-Arena_111_wb-CMYK,IFRA-wb-Dnvk_131_wb-CMYK,gaussian_process,4.282,7.75,11.493,4.468,1485
IFRA-wb-Arena_111_wb-CMYK,IFRA-wb-Dnvk_131_wb-CMYK,poly3,4.434,7.272,12.832,4.482,1485
IFRA-wb-Arena_111_wb-CMYK,IFRA-wb-Dnvk_131_wb-CMYK,svm,4.284,7.566,11.36,4.438,1485
IFRA-wb-Arena_111_wb-CMYK,IFRA-wb-Dnvk_131_wb-CMYK,mlp_deep,4.515,7.557,10.125,4.589,1485
IFRA-wb-Arena_111_wb-CMYK,IFRA-wb-GratN_90_wb-CMYK,gaussian_process,2.815,5.597,8.633,2.964,1485
IFRA-wb-Arena_111_wb-CMYK,IFRA-wb-GratN_90_wb-CMYK,poly3,2.798,5.34,13.665,2.945,1485
IFRA-wb-Arena_111_wb-CMYK,IFRA-wb-GratN_90_wb-CMYK,svm,2.776,5.323,7.441,2.898,1485
IFRA-wb-Arena_111_wb-CMYK,IFRA-wb-GratN_90_wb-CMYK,mlp_deep,2.91,5.72,9.38,3.096,1485
IFRA-wb-Arena_111_wb-CMYK,IFRA-wb-Mbd_103a_wb-CMYK,gaussian_process,5.013,8.636,10.574,5.024,1485
IFRA-wb-Arena_111_wb-CMYK,IFRA-wb-Mbd_103a_wb-CMYK,poly3,5.143,8.088,13.189,5.098,1485
IFRA-wb-Arena_111_wb-CMYK,IFRA-wb-Mbd_103a_wb-CMYK,svm,5.014,8.501,10.832,5.031,1485
IFRA-wb-Arena_111_wb-CMYK,IFRA-wb-Mbd_103a_wb-CMYK,mlp_deep,5.216,8.521,11.313,5.178,1485
IFRA-wb-Arena_111_wb-CMYK,IFRA-wb-NordK_92a_wb-CMYK,gaussian_process,6.911,11.304,15.549,6.949,1485
IFRA-wb-Arena_111_wb-CMYK,IFRA-wb-NordK_92a_wb-CMYK,poly3,6.921,10.83,14.69,6.974,1485
IFRA-wb-Arena_111_wb-CMYK,IFRA-wb-NordK_92a_wb-CMYK,svm,6.757,11.213,15.502,6.925,1485
IFRA-wb-Arena_111_wb-CMYK,IFRA-wb-NordK_92a_wb-CMYK,mlp_deep,6.952,11.128,15.319,7.037,1485
IFRA-wb-Arena_111_wb-CMYK,IFRA-wb-PressJ_158_wb-CMYK,gaussian_process,9.669,15.371,20.332,9.469,1485
IFRA-wb-Arena_111_wb-CMYK,IFRA-wb-PressJ_158_wb-CMYK,poly3,9.771,15.059,17.788,9.546,1485
IFRA-wb-Arena_111_wb-CMYK,IFRA-wb-PressJ_158_wb-CMYK,svm,9.788,15.315,18.72,9.496,1485
IFRA-wb-Arena_111_wb-CMYK,IFRA-wb-PressJ_158_wb-CMYK,mlp_deep,9.804,15.226,19.129,9.564,1485
IFRA-wb-Arena_111_wb-CMYK,IFRA-wb-RZPOI_125_2_wb-CMYK,gaussian_process,5.441,10.613,16.61,5.892,1485
IFRA-wb-Arena_111_wb-CMYK,IFRA-wb-RZPOI_125_2_wb-CMYK,poly3,5.562,10.235,15.867,5.925,1485
IFRA-wb-Arena_111_wb-CMYK,IFRA-wb-RZPOI_125_2_wb-CMYK,svm,5.47,10.299,15.595,5.855,1485
IFRA-wb-Arena_111_wb-CMYK,IFRA-wb-RZPOI_125_2_wb-CMYK,mlp_deep,5.608,10.391,14.942,5.938,1485
IFRA-wb-Arena_111_wb-CMYK,IFRA-wb-SudK_99_2_wb-CMYK,gaussian_process,6.392,11.522,15.986,6.61,1485
IFRA-wb-Arena_111_wb-CMYK,IFRA-wb-SudK_99_2_wb-CMYK,poly3,6.608,11.083,14.716,6.682,1485
IFRA-wb-Arena_111_wb-CMYK,IFRA-wb-SudK_99_2_wb-CMYK,svm,6.452,11.47,14.823,6.619,1485
IFRA-wb-Arena_111_wb-CMYK,IFRA-wb-SudK_99_2_wb-CMYK,mlp_deep,6.602,11.409,16.329,6.706,1485
IFRA-wb-Arena_111_wb-CMYK,IFRA-wb-Sudz_100_wb-CMYK,gaussian_process,5.466,12.606,27.435,6.12,1485
IFRA-wb-Arena_111_wb-CMYK,IFRA-wb-Sudz_100_wb-CMYK,poly3,5.557,12.376,29.575,6.175,1485
IFRA-wb-Arena_111_wb-CMYK,IFRA-wb-Sudz_100_wb-CMYK,svm,5.544,12.68,29.423,6.148,1485
IFRA-wb-Arena_111_wb-CMYK,IFRA-wb-Sudz_100_wb-CMYK,mlp_deep,5.669,12.638,26.961,6.344,1485
IFRA-wb-Arena_111_wb-CMYK,IFRA-wb-TagesA_147_2_wb-CMYK,gaussian_process,5.124,8.477,12.568,5.143,1485
IFRA-wb-Arena_111_wb-CMYK,IFRA-wb-TagesA_147_2_wb-CMYK,poly3,5.309,8.042,13.55,5.237,1485
IFRA-wb-Arena_111_wb-CMYK,IFRA-wb-TagesA_147_2_wb-CMYK,svm,5.189,8.465,11.205,5.171,1485
IFRA-wb-Arena_111_wb-CMYK,IFRA-wb-TagesA_147_2_wb-CMYK,mlp_deep,5.351,8.53,10.835,5.335,1485
IFRA-wb-Arena_111_wb-CMYK,IFRA-wb-TagesA_147_wb-CMYK,gaussian_process,5.179,8.582,12.822,5.199,1485
IFRA-wb-Arena_111_wb-CMYK,IFRA-wb-TagesA_147_wb-CMYK,poly3,5.374,8.172,13.582,5.272,1485
IFRA-wb-Arena_111_wb-CMYK,IFRA-wb-TagesA_147_wb-CMYK,svm,5.222,8.562,11.366,5.218,1485
IFRA-wb-Arena_111_wb-CMYK,IFRA-wb-TagesA_147_wb-CMYK,mlp_deep,5.419,8.705,11.093,5.375,1485
IFRA-wb-Arena_111_wb-CMYK,IFRA-wb-marca_133_wb-CMYK,gaussian_process,3.357,6.512,11.1,3.574,1485
IFRA-wb-Arena_111_wb-CMYK,IFRA-wb-marca_133_wb-CMYK,poly3,3.42,6.522,12.673,3.605,1485
IFRA-wb-Arena_111_wb-CMYK,IFRA-wb-marca_133_wb-CMYK,svm,3.279,6.676,11.015,3.557,1485
IFRA-wb-Arena_111_wb-CMYK,IFRA-wb-marca_133_wb-CMYK,mlp_deep,3.538,6.922,10.813,3.764,1485
IFRA-wb-Dnvk_131_wb-CMYK,IFRA-wb-Age_64a_wb-CMYK,gaussian_process,1.838,3.492,6.721,1.947,1485
IFRA-wb-Dnvk_131_wb-CMYK,IFRA-wb-Age_64a_wb-CMYK,poly3,1.725,3.914,18.961,1.978,1485
IFRA-wb-Dnvk_131_wb-CMYK,IFRA-wb-Age_64a_wb-CMYK,svm,1.682,3.499,9.846,1.832,1485
IFRA-wb-Dnvk_131_wb-CMYK,IFRA-wb-Age_64a_wb-CMYK,mlp_deep,2.037,4.456,9.481,2.235,1485
IFRA-wb-Dnvk_131_wb-CMYK,IFRA-wb-Arena_111_wb-CMYK,gaussian_process,4.234,7.637,11.219,4.399,1485
IFRA-wb-Dnvk_131_wb-CMYK,IFRA-wb-Arena_111_wb-CMYK,poly3,4.296,7.736,17.039,4.528,1485
IFRA-wb-Dnvk_131_wb-CMYK,IFRA-wb-Arena_111_wb-CMYK,svm,4.357,7.41,11.495,4.434,1485
IFRA-wb-Dnvk_131_wb-CMYK,IFRA-wb-Arena_111_wb-CMYK,mlp_deep,4.384,7.655,12.57,4.553,1485
IFRA-wb-Dnvk_131_wb-CMYK,IFRA-wb-GratN_90_wb-CMYK,gaussian_process,5.375,9.94,13.805,5.532,1485
IFRA-wb-Dnvk_131_wb-CMYK,IFRA-wb-GratN_90_wb-CMYK,poly3,5.566,9.945,17.147,5.748,1485
IFRA-wb-Dnvk_131_wb-CMYK,IFRA-wb-GratN_90_wb-CMYK,svm,5.527,9.968,15.645,5.62,1485
IFRA-wb-Dnvk_131_wb-CMYK,IFRA-wb-GratN_90_wb-CMYK,mlp_deep,5.84,9.862,16.2,5.771,1485
IFRA-wb-Dnvk_131_wb-CMYK,IFRA-wb-Mbd_103a_wb-CMYK,gaussian_process,2.604,4.77,9.422,2.717,1485
IFRA-wb-Dnvk_131_wb-CMYK,IFRA-wb-Mbd_103a_wb-CMYK,poly3,2.654,5.025,18.184,2.841,1485
IFRA-wb-Dnvk_131_wb-CMYK,IFRA-wb-Mbd_103a_wb-CMYK,svm,2.611,4.813,12.279,2.686,1485
IFRA-wb-Dnvk_131_wb-CMYK,IFRA-wb-Mbd_103a_wb-CMYK,mlp_deep,2.918,5.678,10.236,3.083,1485
IFRA-wb-Dnvk_131_wb-CMYK,IFRA-wb-NordK_92a_wb-CMYK,gaussian_process,3.388,5.859,8.27,3.488,1485
IFRA-wb-Dnvk_131_wb-CMYK,IFRA-wb-NordK_92a_wb-CMYK,poly3,3.391,5.981,18.816,3.566,1485
IFRA-wb-Dnvk_131_wb-CMYK,IFRA-wb-NordK_92a_wb-CMYK,svm,3.419,5.71,10.047,3.501,1485
IFRA-wb-Dnvk_131_wb-CMYK,IFRA-wb-NordK_92a_wb-CMYK,mlp_deep,3.757,6.176,10.435,3.834,1485
IFRA-wb-Dnvk_131_wb-CMYK,IFRA-wb-PressJ_158_wb-CMYK,gaussian_process,6.539,10.943,15.961,6.643,1485
IFRA-wb-Dnvk_131_wb-CMYK,IFRA-wb-PressJ_158_wb-CMYK,poly3,6.757,11.213,17.797,6.811,1485
IFRA-wb-Dnvk_131_wb-CMYK,IFRA-wb-PressJ_158_wb-CMYK,svm,6.696,11.053,15.851,6.737,1485
IFRA-wb-Dnvk_131_wb-CMYK,IFRA-wb-PressJ_158_wb-CMYK,mlp_deep,6.968,11.441,17.733,7.042,1485
IFRA-wb-Dnvk_131_wb-CMYK,IFRA-wb-RZPOI_125_2_wb-CMYK,gaussian_process,4.03,9.969,18.854,4.671,1485
IFRA-wb-Dnvk_131_wb-CMYK,IFRA-wb-RZPOI_125_2_wb-CMYK,poly3,4.009,10.67,18.408,4.784,1485
IFRA-wb-Dnvk_131_wb-CMYK,IFRA-wb-RZPOI_125_2_wb-CMYK,svm,3.939,10.559,18.56,4.707,1485
IFRA-wb-Dnvk_131_wb-CMYK,IFRA-wb-RZPOI_125_2_wb-CMYK,mlp_deep,4.144,10.897,21.458,4.9,1485
IFRA-wb-Dnvk_131_wb-CMYK,IFRA-wb-SudK_99_2_wb-CMYK,gaussian_process,4.006,7.364,10.878,4.136,1485
IFRA-wb-Dnvk_131_wb-CMYK,IFRA-wb-SudK_99_2_wb-CMYK,poly3,4.064,7.375,18.028,4.201,1485
IFRA-wb-Dnvk_131_wb-CMYK,IFRA-wb-SudK_99_2_wb-CMYK,svm,3.915,7.324,13.498,4.09,1485
IFRA-wb-Dnvk_131_wb-CMYK,IFRA-wb-SudK_99_2_wb-CMYK,mlp_deep,4.162,8.295,11.6,4.428,1485
IFRA-wb-Dnvk_131_wb-CMYK,IFRA-wb-Sudz_100_wb-CMYK,gaussian_process,3.418,8.501,24.935,3.955,1485
IFRA-wb-Dnvk_131_wb-CMYK,IFRA-wb-Sudz_100_wb-CMYK,poly3,3.157,8.996,23.623,3.897,1485
IFRA-wb-Dnvk_131_wb-CMYK,IFRA-wb-Sudz_100_wb-CMYK,svm,3.2,8.772,24.055,3.873,1485
IFRA-wb-Dnvk_131_wb-CMYK,IFRA-wb-Sudz_100_wb-CMYK,mlp_deep,3.448,9.268,22.587,4.165,1485
IFRA-wb-Dnvk_131_wb-CMYK,IFRA-wb-TagesA_147_2_wb-CMYK,gaussian_process,2.144,4.234,7.163,2.284,1485
IFRA-wb-Dnvk_131_wb-CMYK,IFRA-wb-TagesA_147_2_wb-CMYK,poly3,1.985,4.269,17.075,2.252,1485
IFRA-wb-Dnvk_131_wb-CMYK,IFRA-wb-TagesA_147_2_wb-CMYK,svm,1.946,4.054,8.38,2.132,1485
IFRA-wb-Dnvk_131_wb-CMYK,IFRA-wb-TagesA_147_2_wb-CMYK,mlp_deep,2.289,5.212,9.623,2.565,1485
IFRA-wb-Dnvk_131_wb-CMYK,IFRA-wb-TagesA_147_wb-CMYK,gaussian_process,2.133,4.003,6.569,2.242,1485
IFRA-wb-Dnvk_131_wb-CMYK,IFRA-wb-TagesA_147_wb-CMYK,poly3,1.985,4.2,17.496,2.246,1485
IFRA-wb-Dnvk_131_wb-CMYK,IFRA-wb-TagesA_147_wb-CMYK,svm,1.961,3.917,9.035,2.122,1485
IFRA-wb-Dnvk_131_wb-CMYK,IFRA-wb-TagesA_147_wb-CMYK,mlp_deep,2.327,5.016,9.45,2.564,1485
IFRA-wb-Dnvk_131_wb-CMYK,IFRA-wb-marca_133_wb-CMYK,gaussian_process,2.803,7.685,13.927,3.34,1485
IFRA-wb-Dnvk_131_wb-CMYK,IFRA-wb-marca_133_wb-CMYK,poly3,2.992,7.617,17.88,3.421,1485
IFRA-wb-Dnvk_131_wb-CMYK,IFRA-wb-marca_133_wb-CMYK,svm,2.744,7.597,13.41,3.26,1485
IFRA-wb-Dnvk_131_wb-CMYK,IFRA-wb-marca_133_wb-CMYK,mlp_deep,3.099,7.803,17.481,3.538,1485
IFRA-wb-GratN_90_wb-CMYK,IFRA-wb-Age_64a_wb-CMYK,gaussian_process,5.446,9.301,12.937,5.581,1485
IFRA-wb-GratN_90_wb-CMYK,IFRA-wb-Age_64a_wb-CMYK,poly3,5.506,8.909,13.33,5.66,1485
IFRA-wb-GratN_90_wb-CMYK,IFRA-wb-Age_64a_wb-CMYK,svm,5.397,9.077,12.366,5.585,1485
IFRA-wb-GratN_90_wb-CMYK,IFRA-wb-Age_64a_wb-CMYK,mlp_deep,5.664,9.296,12.371,5.804,1485
IFRA-wb-GratN_90_wb-CMYK,IFRA-wb-Arena_111_wb-CMYK,gaussian_process,2.814,5.639,8.695,2.976,1485
IFRA-wb-GratN_90_wb-CMYK,IFRA-wb-Arena_111_wb-CMYK,poly3,2.808,5.735,13.993,3.018,1485
IFRA-wb-GratN_90_wb-CMYK,IFRA-wb-Arena_111_wb-CMYK,svm,2.829,5.445,9.655,2.953,1485
IFRA-wb-GratN_90_wb-CMYK,IFRA-wb-Arena_111_wb-CMYK,mlp_deep,2.997,6.399,10.911,3.263,1485
IFRA-wb-GratN_90_wb-CMYK,IFRA-wb-Dnvk_131_wb-CMYK,gaussian_process,5.494,10.083,14.001,5.603,1485
IFRA-wb-GratN_90_wb-CMYK,IFRA-wb-Dnvk_131_wb-CMYK,poly3,5.556,9.924,13.508,5.665,1485
IFRA-wb-GratN_90_wb-CMYK,IFRA-wb-Dnvk_131_wb-CMYK,svm,5.424,10.053,14.476,5.589,1485
IFRA-wb-GratN_90_wb-CMYK,IFRA-wb-Dnvk_131_wb-CMYK,mlp_deep,5.649,10.127,13.719,5.768,1485
IFRA-wb-GratN_90_wb-CMYK,IFRA-wb-Mbd_103a_wb-CMYK,gaussian_process,6.246,8.794,11.194,5.921,1485
IFRA-wb-GratN_90_wb-CMYK,IFRA-wb-Mbd_103a_wb-CMYK,poly3,6.315,8.602,13.317,5.985,1485
IFRA-wb-GratN_90_wb-CMYK,IFRA-wb-Mbd_103a_wb-CMYK,svm,6.275,8.596,10.656,5.911,1485
IFRA-wb-GratN_90_wb-CMYK,IFRA-wb-Mbd_103a_wb-CMYK,mlp_deep,6.39,8.877,10.666,6.11,1485
IFRA-wb-GratN_90_wb-CMYK,IFRA-wb-NordK_92a_wb-CMYK,gaussian_process,7.747,12.461,14.688,7.694,1485
IFRA-wb-GratN_90_wb-CMYK,IFRA-wb-NordK_92a_wb-CMYK,poly3,7.664,12.355,15.004,7.774,1485
IFRA-wb-GratN_90_wb-CMYK,IFRA-wb-NordK_92a_wb-CMYK,svm,7.734,12.397,14.835,7.696,1485
IFRA-wb-GratN_90_wb-CMYK,IFRA-wb-NordK_92a_wb-CMYK,mlp_deep,7.845,12.309,15.081,7.807,1485
IFRA-wb-GratN_90_wb-CMYK,IFRA-wb-PressJ_158_wb-CMYK,gaussian_process,10.047,16.103,19.62,9.839,1485
IFRA-wb-GratN_90_wb-CMYK,IFRA-wb-PressJ_158_wb-CMYK,poly3,10.07,16.087,19.676,9.917,1485
IFRA-wb-GratN_90_wb-CMYK,IFRA-wb-PressJ_158_wb-CMYK,svm,10.007,16.042,19.469,9.822,1485
IFRA-wb-GratN_90_wb-CMYK,IFRA-wb-PressJ_158_wb-CMYK,mlp_deep,10.088,16.143,19.634,9.936,1485
IFRA-wb-GratN_90_wb-CMYK,IFRA-wb-RZPOI_125_2_wb-CMYK,gaussian_process,5.389,8.487,13.178,5.39,1485
IFRA-wb-GratN_90_wb-CMYK,IFRA-wb-RZPOI_125_2_wb-CMYK,poly3,5.403,8.359,15.017,5.465,1485
IFRA-wb-GratN_90_wb-CMYK,IFRA-wb-RZPOI_125_2_wb-CMYK,svm,5.333,8.53,13.093,5.418,1485
IFRA-wb-GratN_90_wb-CMYK,IFRA-wb-RZPOI_125_2_wb-CMYK,mlp_deep,5.611,8.47,12.683,5.61,1485
IFRA-wb-GratN_90_wb-CMYK,IFRA-wb-SudK_99_2_wb-CMYK,gaussian_process,7.349,11.621,15.278,7.271,1485
IFRA-wb-GratN_90_wb-CMYK,IFRA-wb-SudK_99_2_wb-CMYK,poly3,7.391,11.388,14.914,7.347,1485
IFRA-wb-GratN_90_wb-CMYK,IFRA-wb-SudK_99_2_wb-CMYK,svm,7.369,11.4,14.79,7.254,1485
IFRA-wb-GratN_90_wb-CMYK,IFRA-wb-SudK_99_2_wb-CMYK,mlp_deep,7.405,11.865,14.885,7.418,1485
IFRA-wb-GratN_90_wb-CMYK,IFRA-wb-Sudz_100_wb-CMYK,gaussian_process,6.436,11.006,31.551,6.491,1485
IFRA-wb-GratN_90_wb-CMYK,IFRA-wb-Sudz_100_wb-CMYK,poly3,6.517,11.037,30.439,6.532,1485
IFRA-wb-GratN_90_wb-CMYK,IFRA-wb-Sudz_100_wb-CMYK,svm,6.443,10.955,30.285,6.469,1485
IFRA-wb-GratN_90_wb-CMYK,IFRA-wb-Sudz_100_wb-CMYK,mlp_deep,6.506,11.193,29.855,6.642,1485
IFRA-wb-GratN_90_wb-CMYK,IFRA-wb-TagesA_147_2_wb-CMYK,gaussian_process,6.357,10.172,13.233,6.107,1485
IFRA-wb-GratN_90_wb-CMYK,IFRA-wb-TagesA_147_2_wb-CMYK,poly3,6.356,9.85,13.676,6.181,1485
IFRA-wb-GratN_90_wb-CMYK,IFRA-wb-TagesA_147_2_wb-CMYK,svm,6.26,9.983,13.033,6.098,1485
IFRA-wb-GratN_90_wb-CMYK,IFRA-wb-TagesA_147_2_wb-CMYK,mlp_deep,6.475,9.849,12.579,6.306,1485
IFRA-wb-GratN_90_wb-CMYK,IFRA-wb-TagesA_147_wb-CMYK,gaussian_process,6.311,10.012,13.679,6.119,1485
IFRA-wb-GratN_90_wb-CMYK,IFRA-wb-TagesA_147_wb-CMYK,poly3,6.298,9.811,13.69,6.189,1485
IFRA-wb-GratN_90_wb-CMYK,IFRA-wb-TagesA_147_wb-CMYK,svm,6.228,9.865,12.852,6.105,1485
IFRA-wb-GratN_90_wb-CMYK,IFRA-wb-TagesA_147_wb-CMYK,mlp_deep,6.426,9.896,12.878,6.31,1485
IFRA-wb-GratN_90_wb-CMYK,IFRA-wb-marca_133_wb-CMYK,gaussian_process,4.387,9.039,14.476,4.677,1485
IFRA-wb-GratN_90_wb-CMYK,IFRA-wb-marca_133_wb-CMYK,poly3,4.54,8.92,13.198,4.741,1485
IFRA-wb-GratN_90_wb-CMYK,IFRA-wb-marca_133_wb-CMYK,svm,4.495,8.863,13.467,4.656,1485
IFRA-wb-GratN_90_wb-CMYK,IFRA-wb-marca_133_wb-CMYK,mlp_deep,4.731,8.985,12.859,4.87,1485
IFRA-wb-Mbd_103a_wb-CMYK,IFRA-wb-Age_64a_wb-CMYK,gaussian_process,2.623,4.887,7.806,2.78,1485
IFRA-wb-Mbd_103a_wb-CMYK,IFRA-wb-Age_64a_wb-CMYK,poly3,3.005,6.811,27.419,3.426,1485
IFRA-wb-Mbd_103a_wb-CMYK,IFRA-wb-Age_64a_wb-CMYK,svm,2.718,5.073,10.355,2.844,1485
IFRA-wb-Mbd_103a_wb-CMYK,IFRA-wb-Age_64a_wb-CMYK,mlp_deep,2.94,6.26,9.667,3.257,1485
IFRA-wb-Mbd_103a_wb-CMYK,IFRA-wb-Arena_111_wb-CMYK,gaussian_process,5.0,8.616,10.551,5.017,1485
IFRA-wb-Mbd_103a_wb-CMYK,IFRA-wb-Arena_111_wb-CMYK,poly3,5.011,10.478,26.083,5.466,1485
IFRA-wb-Mbd_103a_wb-CMYK,IFRA-wb-Arena_111_wb-CMYK,svm,5.123,8.458,11.394,5.092,1485
IFRA-wb-Mbd_103a_wb-CMYK,IFRA-wb-Arena_111_wb-CMYK,mlp_deep,5.187,9.424,12.875,5.373,1485
IFRA-wb-Mbd_103a_wb-CMYK,IFRA-wb-Dnvk_131_wb-CMYK,gaussian_process,2.677,4.897,9.585,2.779,1485
IFRA-wb-Mbd_103a_wb-CMYK,IFRA-wb-Dnvk_131_wb-CMYK,poly3,2.933,6.912,25.776,3.369,1485
IFRA-wb-Mbd_103a_wb-CMYK,IFRA-wb-Dnvk_131_wb-CMYK,svm,2.738,5.074,10.526,2.835,1485
IFRA-wb-Mbd_103a_wb-CMYK,IFRA-wb-Dnvk_131_wb-CMYK,mlp_deep,2.901,6.171,11.738,3.181,1485
IFRA-wb-Mbd_103a_wb-CMYK,IFRA-wb-GratN_90_wb-CMYK,gaussian_process,6.23,8.78,11.177,5.913,1485
IFRA-wb-Mbd_103a_wb-CMYK,IFRA-wb-GratN_90_wb-CMYK,poly3,6.56,9.699,26.562,6.388,1485
IFRA-wb-Mbd_103a_wb-CMYK,IFRA-wb-GratN_90_wb-CMYK,svm,6.274,8.646,10.425,5.969,1485
IFRA-wb-Mbd_103a_wb-CMYK,IFRA-wb-GratN_90_wb-CMYK,mlp_deep,6.592,9.056,12.245,6.238,1485
IFRA-wb-Mbd_103a_wb-CMYK,IFRA-wb-NordK_92a_wb-CMYK,gaussian_process,3.254,6.318,9.406,3.417,1485
IFRA-wb-Mbd_103a_wb-CMYK,IFRA-wb-NordK_92a_wb-CMYK,poly3,3.519,6.945,27.44,3.846,1485
IFRA-wb-Mbd_103a_wb-CMYK,IFRA-wb-NordK_92a_wb-CMYK,svm,3.276,6.117,12.5,3.391,1485
IFRA-wb-Mbd_103a_wb-CMYK,IFRA-wb-NordK_92a_wb-CMYK,mlp_deep,3.519,6.832,14.335,3.668,1485
IFRA-wb-Mbd_103a_wb-CMYK,IFRA-wb-PressJ_158_wb-CMYK,gaussian_process,5.718,11.194,15.331,5.937,1485
IFRA-wb-Mbd_103a_wb-CMYK,IFRA-wb-PressJ_158_wb-CMYK,poly3,6.123,11.34,26.848,6.291,1485
IFRA-wb-Mbd_103a_wb-CMYK,IFRA-wb-PressJ_158_wb-CMYK,svm,5.609,10.931,14.904,5.892,1485
IFRA-wb-Mbd_103a_wb-CMYK,IFRA-wb-PressJ_158_wb-CMYK,mlp_deep,5.929,10.978,14.923,6.098,1485
IFRA-wb-Mbd_103a_wb-CMYK,IFRA-wb-RZPOI_125_2_wb-CMYK,gaussian_process,3.324,8.119,14.12,3.928,1485
IFRA-wb-Mbd_103a_wb-CMYK,IFRA-wb-RZPOI_125_2_wb-CMYK,poly3,3.765,9.132,27.852,4.38,1485
IFRA-wb-Mbd_103a_wb-CMYK,IFRA-wb-RZPOI_125_2_wb-CMYK,svm,3.42,7.876,12.772,3.899,1485
IFRA-wb-Mbd_103a_wb-CMYK,IFRA-wb-RZPOI_125_2_wb-CMYK,mlp_deep,3.688,8.35,13.999,4.194,1485
IFRA-wb-Mbd_103a_wb-CMYK,IFRA-wb-SudK_99_2_wb-CMYK,gaussian_process,2.471,4.837,9.931,2.655,1485
IFRA-wb-Mbd_103a_wb-CMYK,IFRA-wb-SudK_99_2_wb-CMYK,poly3,2.897,5.937,26.881,3.184,1485
IFRA-wb-Mbd_103a_wb-CMYK,IFRA-wb-SudK_99_2_wb-CMYK,svm,2.646,4.898,8.942,2.758,1485
IFRA-wb-Mbd_103a_wb-CMYK,IFRA-wb-SudK_99_2_wb-CMYK,mlp_deep,2.819,6.31,10.154,3.131,1485
IFRA-wb-Mbd_103a_wb-CMYK,IFRA-wb-Sudz_100_wb-CMYK,gaussian_process,2.492,7.632,23.865,3.135,1485
IFRA-wb-Mbd_103a_wb-CMYK,IFRA-wb-Sudz_100_wb-CMYK,poly3,2.631,9.283,28.544,3.451,1485
IFRA-wb-Mbd_103a_wb-CMYK,IFRA-wb-Sudz_100_wb-CMYK,svm,2.472,7.811,24.578,3.168,1485
IFRA-wb-Mbd_103a_wb-CMYK,IFRA-wb-Sudz_100_wb-CMYK,mlp_deep,2.739,8.295,24.19,3.476,1485
IFRA-wb-Mbd_103a_wb-CMYK,IFRA-wb-TagesA_147_2_wb-CMYK,gaussian_process,1.602,3.48,6.925,1.76,1485
IFRA-wb-Mbd_103a_wb-CMYK,IFRA-wb-TagesA_147_2_wb-CMYK,poly3,2.046,5.441,26.659,2.48,1485
IFRA-wb-Mbd_103a_wb-CMYK,IFRA-wb-TagesA_147_2_wb-CMYK,svm,1.661,3.485,8.822,1.781,1485
IFRA-wb-Mbd_103a_wb-CMYK,IFRA-wb-TagesA_147_2_wb-CMYK,mlp_deep,1.945,5.198,8.928,2.287,1485
IFRA-wb-Mbd_103a_wb-CMYK,IFRA-wb-TagesA_147_wb-CMYK,gaussian_process,1.599,3.676,6.422,1.776,1485
IFRA-wb-Mbd_103a_wb-CMYK,IFRA-wb-TagesA_147_wb-CMYK,poly3,2.037,5.375,26.685,2.5,1485
IFRA-wb-Mbd_103a_wb-CMYK,IFRA-wb-TagesA_147_wb-CMYK,svm,1.64,3.535,8.408,1.794,1485
IFRA-wb-Mbd_103a_wb-CMYK,IFRA-wb-TagesA_147_wb-CMYK,mlp_deep,1.936,5.295,10.283,2.302,1485
IFRA-wb-Mbd_103a_wb-CMYK,IFRA-wb-marca_133_wb-CMYK,gaussian_process,3.722,7.702,16.742,4.082,1485
IFRA-wb-Mbd_103a_wb-CMYK,IFRA-wb-marca_133_wb-CMYK,poly3,3.976,9.291,26.208,4.599,1485
IFRA-wb-Mbd_103a_wb-CMYK,IFRA-wb-marca_133_wb-CMYK,svm,3.817,7.875,16.56,4.156,1485
IFRA-wb-Mbd_103a_wb-CMYK,IFRA-wb-marca_133_wb-CMYK,mlp_deep,4.056,8.247,18.527,4.456,1485
IFRA-wb-NordK_92a_wb-CMYK,IFRA-wb-Age_64a_wb-CMYK,gaussian_process,3.365,6.242,9.858,3.539,1485
IFRA-wb-NordK_92a_wb-CMYK,IFRA-wb-Age_64a_wb-CMYK,poly3,4.114,7.714,25.134,4.278,1485
IFRA-wb-NordK_92a_wb-CMYK,IFRA-wb-Age_64a_wb-CMYK,svm,3.453,6.115,8.522,3.533,1485
IFRA-wb-NordK_92a_wb-CMYK,IFRA-wb-Age_64a_wb-CMYK,mlp_deep,3.757,6.666,8.864,3.79,1485
IFRA-wb-NordK_92a_wb-CMYK,IFRA-wb-Arena_111_wb-CMYK,gaussian_process,6.868,11.25,15.482,6.907,1485
IFRA-wb-NordK_92a_wb-CMYK,IFRA-wb-Arena_111_wb-CMYK,poly3,7.183,12.786,26.159,7.342,1485
IFRA-wb-NordK_92a_wb-CMYK,IFRA-wb-Arena_111_wb-CMYK,svm,6.942,10.988,15.733,6.943,1485
IFRA-wb-NordK_92a_wb-CMYK,IFRA-wb-Arena_111_wb-CMYK,mlp_deep,6.88,11.343,15.948,6.969,1485
IFRA-wb-NordK_92a_wb-CMYK,IFRA-wb-Dnvk_131_wb-CMYK,gaussian_process,3.348,5.84,8.154,3.441,1485
IFRA-wb-NordK_92a_wb-CMYK,IFRA-wb-Dnvk_131_wb-CMYK,poly3,3.851,7.7,25.769,4.13,1485
IFRA-wb-NordK_92a_wb-CMYK,IFRA-wb-Dnvk_131_wb-CMYK,svm,3.42,5.653,7.823,3.451,1485
IFRA-wb-NordK_92a_wb-CMYK,IFRA-wb-Dnvk_131_wb-CMYK,mlp_deep,3.647,6.134,8.961,3.739,1485
IFRA-wb-NordK_92a_wb-CMYK,IFRA-wb-GratN_90_wb-CMYK,gaussian_process,7.688,12.373,14.591,7.652,1485
IFRA-wb-NordK_92a_wb-CMYK,IFRA-wb-GratN_90_wb-CMYK,poly3,8.25,13.338,26.366,8.149,1485
IFRA-wb-NordK_92a_wb-CMYK,IFRA-wb-GratN_90_wb-CMYK,svm,7.828,12.173,14.724,7.733,1485
IFRA-wb-NordK_92a_wb-CMYK,IFRA-wb-GratN_90_wb-CMYK,mlp_deep,7.919,12.348,14.167,7.761,1485
IFRA-wb-NordK_92a_wb-CMYK,IFRA-wb-Mbd_103a_wb-CMYK,gaussian_process,3.169,6.222,9.401,3.371,1485
IFRA-wb-NordK_92a_wb-CMYK,IFRA-wb-Mbd_103a_wb-CMYK,poly3,3.772,7.228,25.922,4.046,1485
IFRA-wb-NordK_92a_wb-CMYK,IFRA-wb-Mbd_103a_wb-CMYK,svm,3.368,5.767,9.575,3.418,1485
IFRA-wb-NordK_92a_wb-CMYK,IFRA-wb-Mbd_103a_wb-CMYK,mlp_deep,3.4,6.444,9.852,3.583,1485
IFRA-wb-NordK_92a_wb-CMYK,IFRA-wb-PressJ_158_wb-CMYK,gaussian_process,5.452,9.957,12.923,5.651,1485
IFRA-wb-NordK_92a_wb-CMYK,IFRA-wb-PressJ_158_wb-CMYK,poly3,6.049,10.746,26.752,6.274,1485
IFRA-wb-NordK_92a_wb-CMYK,IFRA-wb-PressJ_158_wb-CMYK,svm,5.605,9.982,16.491,5.775,1485
IFRA-wb-NordK_92a_wb-CMYK,IFRA-wb-PressJ_158_wb-CMYK,mlp_deep,5.843,10.393,18.335,6.075,1485
IFRA-wb-NordK_92a_wb-CMYK,IFRA-wb-RZPOI_125_2_wb-CMYK,gaussian_process,4.2,10.141,15.978,4.611,1485
IFRA-wb-NordK_92a_wb-CMYK,IFRA-wb-RZPOI_125_2_wb-CMYK,poly3,4.754,11.01,28.043,5.226,1485
IFRA-wb-NordK_92a_wb-CMYK,IFRA-wb-RZPOI_125_2_wb-CMYK,svm,4.255,10.433,18.228,4.686,1485
IFRA-wb-NordK_92a_wb-CMYK,IFRA-wb-RZPOI_125_2_wb-CMYK,mlp_deep,4.449,10.538,19.856,4.887,1485
IFRA-wb-NordK_92a_wb-CMYK,IFRA-wb-SudK_99_2_wb-CMYK,gaussian_process,3.738,8.012,13.273,4.027,1485
IFRA-wb-NordK_92a_wb-CMYK,IFRA-wb-SudK_99_2_wb-CMYK,poly3,4.203,8.539,26.731,4.538,1485
IFRA-wb-NordK_92a_wb-CMYK,IFRA-wb-SudK_99_2_wb-CMYK,svm,3.787,7.822,14.445,4.027,1485
IFRA-wb-NordK_92a_wb-CMYK,IFRA-wb-SudK_99_2_wb-CMYK,mlp_deep,3.813,8.273,12.491,4.208,1485
IFRA-wb-NordK_92a_wb-CMYK,IFRA-wb-Sudz_100_wb-CMYK,gaussian_process,3.604,8.304,22.619,4.015,1485
IFRA-wb-NordK_92a_wb-CMYK,IFRA-wb-Sudz_100_wb-CMYK,poly3,3.829,9.207,28.537,4.378,1485
IFRA-wb-NordK_92a_wb-CMYK,IFRA-wb-Sudz_100_wb-CMYK,svm,3.663,8.217,21.566,4.046,1485
IFRA-wb-NordK_92a_wb-CMYK,IFRA-wb-Sudz_100_wb-CMYK,mlp_deep,3.882,8.59,25.694,4.266,1485
IFRA-wb-NordK_92a_wb-CMYK,IFRA-wb-TagesA_147_2_wb-CMYK,gaussian_process,2.802,5.367,8.173,2.978,1485
IFRA-wb-NordK_92a_wb-CMYK,IFRA-wb-TagesA_147_2_wb-CMYK,poly3,3.266,7.263,26.624,3.673,1485
IFRA-wb-NordK_92a_wb-CMYK,IFRA-wb-TagesA_147_2_wb-CMYK,svm,2.92,5.382,7.457,3.04,1485
IFRA-wb-NordK_92a_wb-CMYK,IFRA-wb-TagesA_147_2_wb-CMYK,mlp_deep,3.098,6.21,10.505,3.319,1485
IFRA-wb-NordK_92a_wb-CMYK,IFRA-wb-TagesA_147_wb-CMYK,gaussian_process,2.724,5.388,8.585,2.914,1485
IFRA-wb-NordK_92a_wb-CMYK,IFRA-wb-TagesA_147_wb-CMYK,poly3,3.189,7.169,26.534,3.591,1485
IFRA-wb-NordK_92a_wb-CMYK,IFRA-wb-TagesA_147_wb-CMYK,svm,2.821,5.296,7.978,2.944,1485
IFRA-wb-NordK_92a_wb-CMYK,IFRA-wb-TagesA_147_wb-CMYK,mlp_deep,2.986,5.999,10.717,3.246,1485
IFRA-wb-NordK_92a_wb-CMYK,IFRA-wb-marca_133_wb-CMYK,gaussian_process,5.097,9.892,14.406,5.438,1485
IFRA-wb-NordK_92a_wb-CMYK,IFRA-wb-marca_133_wb-CMYK,poly3,5.626,10.987,25.963,5.973,1485
IFRA-wb-NordK_92a_wb-CMYK,IFRA-wb-marca_133_wb-CMYK,svm,5.132,9.786,13.923,5.457,1485
IFRA-wb-NordK_92a_wb-CMYK,IFRA-wb-marca_133_wb-CMYK,mlp_deep,5.136,9.96,15.274,5.529,1485
IFRA-wb-PressJ_158_wb-CMYK,IFRA-wb-Age_64a_wb-CMYK,gaussian_process,6.847,12.296,17.161,7.066,1485
IFRA-wb-PressJ_158_wb-CMYK,IFRA-wb-Age_64a_wb-CMYK,poly3,7.304,14.453,28.201,7.724,1485
IFRA-wb-PressJ_158_wb-CMYK,IFRA-wb-Age_64a_wb-CMYK,svm,6.808,12.117,15.134,6.94,1485
IFRA-wb-PressJ_158_wb-CMYK,IFRA-wb-Age_64a_wb-CMYK,mlp_deep,6.772,11.597,16.114,6.844,1485
IFRA-wb-PressJ_158_wb-CMYK,IFRA-wb-Arena_111_wb-CMYK,gaussian_process,9.65,15.298,20.07,9.452,1485
IFRA-wb-PressJ_158_wb-CMYK,IFRA-wb-Arena_111_wb-CMYK,poly3,9.499,18.753,29.024,9.958,1485
IFRA-wb-PressJ_158_wb-CMYK,IFRA-wb-Arena_111_wb-CMYK,svm,9.843,15.19,18.545,9.402,1485
IFRA-wb-PressJ_158_wb-CMYK,IFRA-wb-Arena_111_wb-CMYK,mlp_deep,9.604,15.148,18.82,9.33,1485
IFRA-wb-PressJ_158_wb-CMYK,IFRA-wb-Dnvk_131_wb-CMYK,gaussian_process,6.637,11.02,16.211,6.704,1485
IFRA-wb-PressJ_158_wb-CMYK,IFRA-wb-Dnvk_131_wb-CMYK,poly3,6.837,13.993,28.758,7.363,1485
IFRA-wb-PressJ_158_wb-CMYK,IFRA-wb-Dnvk_131_wb-CMYK,svm,6.523,11.106,13.963,6.575,1485
IFRA-wb-PressJ_158_wb-CMYK,IFRA-wb-Dnvk_131_wb-CMYK,mlp_deep,6.57,10.37,15.159,6.508,1485
IFRA-wb-PressJ_158_wb-CMYK,IFRA-wb-GratN_90_wb-CMYK,gaussian_process,10.036,16.033,19.559,9.806,1485
IFRA-wb-PressJ_158_wb-CMYK,IFRA-wb-GratN_90_wb-CMYK,poly3,10.431,17.469,29.253,10.368,1485
IFRA-wb-PressJ_158_wb-CMYK,IFRA-wb-GratN_90_wb-CMYK,svm,10.198,15.519,19.302,9.809,1485
IFRA-wb-PressJ_158_wb-CMYK,IFRA-wb-GratN_90_wb-CMYK,mlp_deep,10.289,14.979,17.372,9.752,1485
IFRA-wb-PressJ_158_wb-CMYK,IFRA-wb-Mbd_103a_wb-CMYK,gaussian_process,5.686,11.159,15.209,5.931,1485
IFRA-wb-PressJ_158_wb-CMYK,IFRA-wb-Mbd_103a_wb-CMYK,poly3,5.837,12.734,28.941,6.602,1485
IFRA-wb-PressJ_158_wb-CMYK,IFRA-wb-Mbd_103a_wb-CMYK,svm,5.591,10.518,15.344,5.803,1485
IFRA-wb-PressJ_158_wb-CMYK,IFRA-wb-Mbd_103a_wb-CMYK,mlp_deep,5.7,10.114,16.431,5.749,1485
IFRA-wb-PressJ_158_wb-CMYK,IFRA-wb-NordK_92a_wb-CMYK,gaussian_process,5.538,10.071,13.061,5.712,1485
IFRA-wb-PressJ_158_wb-CMYK,IFRA-wb-NordK_92a_wb-CMYK,poly3,6.041,12.741,29.132,6.437,1485
IFRA-wb-PressJ_158_wb-CMYK,IFRA-wb-NordK_92a_wb-CMYK,svm,5.506,9.698,13.983,5.588,1485
IFRA-wb-PressJ_158_wb-CMYK,IFRA-wb-NordK_92a_wb-CMYK,mlp_deep,5.546,9.241,13.051,5.591,1485
IFRA-wb-PressJ_158_wb-CMYK,IFRA-wb-RZPOI_125_2_wb-CMYK,gaussian_process,6.976,13.928,20.387,7.434,1485
IFRA-wb-PressJ_158_wb-CMYK,IFRA-wb-RZPOI_125_2_wb-CMYK,poly3,7.748,15.16,30.543,8.111,1485
IFRA-wb-PressJ_158_wb-CMYK,IFRA-wb-RZPOI_125_2_wb-CMYK,svm,7.096,13.341,17.134,7.421,1485
IFRA-wb-PressJ_158_wb-CMYK,IFRA-wb-RZPOI_125_2_wb-CMYK,mlp_deep,7.381,13.08,17.521,7.478,1485
IFRA-wb-PressJ_158_wb-CMYK,IFRA-wb-SudK_99_2_wb-CMYK,gaussian_process,6.081,12.444,15.627,6.45,1485
IFRA-wb-PressJ_158_wb-CMYK,IFRA-wb-SudK_99_2_wb-CMYK,poly3,6.651,13.053,29.796,7.145,1485
IFRA-wb-PressJ_158_wb-CMYK,IFRA-wb-SudK_99_2_wb-CMYK,svm,5.854,12.016,14.781,6.386,1485
IFRA-wb-PressJ_158_wb-CMYK,IFRA-wb-SudK_99_2_wb-CMYK,mlp_deep,6.135,11.658,15.843,6.383,1485
IFRA-wb-PressJ_158_wb-CMYK,IFRA-wb-Sudz_100_wb-CMYK,gaussian_process,5.765,11.452,19.5,6.153,1485
IFRA-wb-PressJ_158_wb-CMYK,IFRA-wb-Sudz_100_wb-CMYK,poly3,6.214,11.902,31.407,6.753,1485
IFRA-wb-PressJ_158_wb-CMYK,IFRA-wb-Sudz_100_wb-CMYK,svm,5.499,11.342,15.369,6.023,1485
IFRA-wb-PressJ_158_wb-CMYK,IFRA-wb-Sudz_100_wb-CMYK,mlp_deep,5.797,10.624,15.215,6.013,1485
IFRA-wb-PressJ_158_wb-CMYK,IFRA-wb-TagesA_147_2_wb-CMYK,gaussian_process,5.88,10.276,13.393,5.986,1485
IFRA-wb-PressJ_158_wb-CMYK,IFRA-wb-TagesA_147_2_wb-CMYK,poly3,6.182,12.743,29.617,6.762,1485
IFRA-wb-PressJ_158_wb-CMYK,IFRA-wb-TagesA_147_2_wb-CMYK,svm,5.756,10.434,13.625,5.947,1485
IFRA-wb-PressJ_158_wb-CMYK,IFRA-wb-TagesA_147_2_wb-CMYK,mlp_deep,5.976,9.974,16.382,5.942,1485
IFRA-wb-PressJ_158_wb-CMYK,IFRA-wb-TagesA_147_wb-CMYK,gaussian_process,5.833,10.287,13.333,5.969,1485
IFRA-wb-PressJ_158_wb-CMYK,IFRA-wb-TagesA_147_wb-CMYK,poly3,6.124,12.659,29.621,6.713,1485
IFRA-wb-PressJ_158_wb-CMYK,IFRA-wb-TagesA_147_wb-CMYK,svm,5.731,10.312,13.63,5.909,1485
IFRA-wb-PressJ_158_wb-CMYK,IFRA-wb-TagesA_147_wb-CMYK,mlp_deep,5.95,9.874,16.313,5.891,1485
IFRA-wb-PressJ_158_wb-CMYK,IFRA-wb-marca_133_wb-CMYK,gaussian_process,7.825,13.746,21.416,8.034,1485
IFRA-wb-PressJ_158_wb-CMYK,IFRA-wb-marca_133_wb-CMYK,poly3,8.009,16.086,28.924,8.652,1485
IFRA-wb-PressJ_158_wb-CMYK,IFRA-wb-marca_133_wb-CMYK,svm,7.931,13.532,20.612,7.97,1485
IFRA-wb-PressJ_158_wb-CMYK,IFRA-wb-marca_133_wb-CMYK,mlp_deep,7.844,13.127,19.131,7.92,1485
IFRA-wb-RZPOI_125_2_wb-CMYK,IFRA-wb-Age_64a_wb-CMYK,gaussian_process,3.735,10.288,18.407,4.374,1485
IFRA-wb-RZPOI_125_2_wb-CMYK,IFRA-wb-Age_64a_wb-CMYK,poly3,4.21,11.357,31.188,4.853,1485
IFRA-wb-RZPOI_125_2_wb-CMYK,IFRA-wb-Age_64a_wb-CMYK,svm,3.832,10.243,17.276,4.408,1485
IFRA-wb-RZPOI_125_2_wb-CMYK,IFRA-wb-Age_64a_wb-CMYK,mlp_deep,4.16,11.794,18.58,4.803,1485
IFRA-wb-RZPOI_125_2_wb-CMYK,IFRA-wb-Arena_111_wb-CMYK,gaussian_process,5.456,10.6,16.697,5.889,1485
IFRA-wb-RZPOI_125_2_wb-CMYK,IFRA-wb-Arena_111_wb-CMYK,poly3,5.622,12.249,28.67,6.227,1485
IFRA-wb-RZPOI_125_2_wb-CMYK,IFRA-wb-Arena_111_wb-CMYK,svm,5.526,10.462,14.983,5.909,1485
IFRA-wb-RZPOI_125_2_wb-CMYK,IFRA-wb-Arena_111_wb-CMYK,mlp_deep,5.477,11.422,18.306,6.122,1485
IFRA-wb-RZPOI_125_2_wb-CMYK,IFRA-wb-Dnvk_131_wb-CMYK,gaussian_process,4.027,10.087,19.129,4.702,1485
IFRA-wb-RZPOI_125_2_wb-CMYK,IFRA-wb-Dnvk_131_wb-CMYK,poly3,4.501,11.361,29.102,5.095,1485
IFRA-wb-RZPOI_125_2_wb-CMYK,IFRA-wb-Dnvk_131_wb-CMYK,svm,4.055,10.361,17.932,4.71,1485
IFRA-wb-RZPOI_125_2_wb-CMYK,IFRA-wb-Dnvk_131_wb-CMYK,mlp_deep,4.342,11.666,16.733,5.059,1485
IFRA-wb-RZPOI_125_2_wb-CMYK,IFRA-wb-GratN_90_wb-CMYK,gaussian_process,5.39,8.477,13.193,5.379,1485
IFRA-wb-RZPOI_125_2_wb-CMYK,IFRA-wb-GratN_90_wb-CMYK,poly3,5.673,9.645,29.477,5.809,1485
IFRA-wb-RZPOI_125_2_wb-CMYK,IFRA-wb-GratN_90_wb-CMYK,svm,5.51,8.257,12.151,5.432,1485
IFRA-wb-RZPOI_125_2_wb-CMYK,IFRA-wb-GratN_90_wb-CMYK,mlp_deep,5.59,9.343,16.256,5.714,1485
IFRA-wb-RZPOI_125_2_wb-CMYK,IFRA-wb-Mbd_103a_wb-CMYK,gaussian_process,3.32,8.137,14.141,3.925,1485
IFRA-wb-RZPOI_125_2_wb-CMYK,IFRA-wb-Mbd_103a_wb-CMYK,poly3,3.872,8.768,29.944,4.369,1485
IFRA-wb-RZPOI_125_2_wb-CMYK,IFRA-wb-Mbd_103a_wb-CMYK,svm,3.373,8.158,13.737,3.925,1485
IFRA-wb-RZPOI_125_2_wb-CMYK,IFRA-wb-Mbd_103a_wb-CMYK,mlp_deep,3.993,9.34,16.615,4.365,1485
IFRA-wb-RZPOI_125_2_wb-CMYK,IFRA-wb-NordK_92a_wb-CMYK,gaussian_process,4.258,10.233,16.237,4.648,1485
IFRA-wb-RZPOI_125_2_wb-CMYK,IFRA-wb-NordK_92a_wb-CMYK,poly3,4.461,10.701,30.783,5.11,1485
IFRA-wb-RZPOI_125_2_wb-CMYK,IFRA-wb-NordK_92a_wb-CMYK,svm,4.268,10.08,15.034,4.673,1485
IFRA-wb-RZPOI_125_2_wb-CMYK,IFRA-wb-NordK_92a_wb-CMYK,mlp_deep,4.412,11.299,16.558,5.057,1485
IFRA-wb-RZPOI_125_2_wb-CMYK,IFRA-wb-PressJ_158_wb-CMYK,gaussian_process,6.986,13.976,20.547,7.44,1485
IFRA-wb-RZPOI_125_2_wb-CMYK,IFRA-wb-PressJ_158_wb-CMYK,poly3,7.315,14.413,29.541,7.772,1485
IFRA-wb-RZPOI_125_2_wb-CMYK,IFRA-wb-PressJ_158_wb-CMYK,svm,7.019,13.929,19.817,7.47,1485
IFRA-wb-RZPOI_125_2_wb-CMYK,IFRA-wb-PressJ_158_wb-CMYK,mlp_deep,7.409,14.356,21.198,7.811,1485
IFRA-wb-RZPOI_125_2_wb-CMYK,IFRA-wb-SudK_99_2_wb-CMYK,gaussian_process,4.138,9.62,13.99,4.538,1485
IFRA-wb-RZPOI_125_2_wb-CMYK,IFRA-wb-SudK_99_2_wb-CMYK,poly3,4.442,9.88,30.409,4.93,1485
IFRA-wb-RZPOI_125_2_wb-CMYK,IFRA-wb-SudK_99_2_wb-CMYK,svm,4.269,9.582,13.404,4.612,1485
IFRA-wb-RZPOI_125_2_wb-CMYK,IFRA-wb-SudK_99_2_wb-CMYK,mlp_deep,4.738,10.284,16.608,5.059,1485
IFRA-wb-RZPOI_125_2_wb-CMYK,IFRA-wb-Sudz_100_wb-CMYK,gaussian_process,3.245,10.606,28.755,4.248,1485
IFRA-wb-RZPOI_125_2_wb-CMYK,IFRA-wb-Sudz_100_wb-CMYK,poly3,3.575,11.445,30.362,4.498,1485
IFRA-wb-RZPOI_125_2_wb-CMYK,IFRA-wb-Sudz_100_wb-CMYK,svm,3.329,10.278,27.995,4.274,1485
IFRA-wb-RZPOI_125_2_wb-CMYK,IFRA-wb-Sudz_100_wb-CMYK,mlp_deep,3.729,11.538,29.408,4.721,1485
IFRA-wb-RZPOI_125_2_wb-CMYK,IFRA-wb-TagesA_147_2_wb-CMYK,gaussian_process,3.464,9.664,16.183,4.231,1485
IFRA-wb-RZPOI_125_2_wb-CMYK,IFRA-wb-TagesA_147_2_wb-CMYK,poly3,4.0,10.236,29.202,4.637,1485
IFRA-wb-RZPOI_125_2_wb-CMYK,IFRA-wb-TagesA_147_2_wb-CMYK,svm,3.545,9.316,15.02,4.241,1485
IFRA-wb-RZPOI_125_2_wb-CMYK,IFRA-wb-TagesA_147_2_wb-CMYK,mlp_deep,4.12,10.443,16.498,4.69,1485
IFRA-wb-RZPOI_125_2_wb-CMYK,IFRA-wb-TagesA_147_wb-CMYK,gaussian_process,3.385,9.671,15.545,4.194,1485
IFRA-wb-RZPOI_125_2_wb-CMYK,IFRA-wb-TagesA_147_wb-CMYK,poly3,3.955,10.172,29.852,4.597,1485
IFRA-wb-RZPOI_125_2_wb-CMYK,IFRA-wb-TagesA_147_wb-CMYK,svm,3.496,9.245,14.658,4.207,1485
IFRA-wb-RZPOI_125_2_wb-CMYK,IFRA-wb-TagesA_147_wb-CMYK,mlp_deep,4.007,10.74,16.323,4.646,1485
IFRA-wb-RZPOI_125_2_wb-CMYK,IFRA-wb-marca_133_wb-CMYK,gaussian_process,5.104,10.396,18.828,5.517,1485
IFRA-wb-RZPOI_125_2_wb-CMYK,IFRA-wb-marca_133_wb-CMYK,poly3,5.501,11.313,29.317,5.885,1485
IFRA-wb-RZPOI_125_2_wb-CMYK,IFRA-wb-marca_133_wb-CMYK,svm,5.166,10.555,17.648,5.537,1485
IFRA-wb-RZPOI_125_2_wb-CMYK,IFRA-wb-marca_133_wb-CMYK,mlp_deep,5.373,11.391,19.346,5.829,1485
IFRA-wb-SudK_99_2_wb-CMYK,IFRA-wb-Age_64a_wb-CMYK,gaussian_process,3.495,7.396,12.11,3.826,1485
IFRA-wb-SudK_99_2_wb-CMYK,IFRA-wb-Age_64a_wb-CMYK,poly3,3.97,9.653,32.519,4.547,1485
IFRA-wb-SudK_99_2_wb-CMYK,IFRA-wb-Age_64a_wb-CMYK,svm,3.532,7.321,11.083,3.857,1485
IFRA-wb-SudK_99_2_wb-CMYK,IFRA-wb-Age_64a_wb-CMYK,mlp_deep,3.501,9.17,19.592,4.172,1485
IFRA-wb-SudK_99_2_wb-CMYK,IFRA-wb-Arena_111_wb-CMYK,gaussian_process,6.404,11.498,15.942,6.583,1485
IFRA-wb-SudK_99_2_wb-CMYK,IFRA-wb-Arena_111_wb-CMYK,poly3,6.497,13.637,33.745,7.097,1485
IFRA-wb-SudK_99_2_wb-CMYK,IFRA-wb-Arena_111_wb-CMYK,svm,6.611,11.398,14.282,6.653,1485
IFRA-wb-SudK_99_2_wb-CMYK,IFRA-wb-Arena_111_wb-CMYK,mlp_deep,6.395,12.819,18.277,6.909,1485
IFRA-wb-SudK_99_2_wb-CMYK,IFRA-wb-Dnvk_131_wb-CMYK,gaussian_process,4.031,7.474,10.984,4.137,1485
IFRA-wb-SudK_99_2_wb-CMYK,IFRA-wb-Dnvk_131_wb-CMYK,poly3,4.199,9.69,33.345,4.794,1485
IFRA-wb-SudK_99_2_wb-CMYK,IFRA-wb-Dnvk_131_wb-CMYK,svm,4.032,7.437,10.369,4.169,1485
IFRA-wb-SudK_99_2_wb-CMYK,IFRA-wb-Dnvk_131_wb-CMYK,mlp_deep,3.912,9.094,19.748,4.483,1485
IFRA-wb-SudK_99_2_wb-CMYK,IFRA-wb-GratN_90_wb-CMYK,gaussian_process,7.338,11.571,15.246,7.24,1485
IFRA-wb-SudK_99_2_wb-CMYK,IFRA-wb-GratN_90_wb-CMYK,poly3,7.898,12.658,33.745,7.83,1485
IFRA-wb-SudK_99_2_wb-CMYK,IFRA-wb-GratN_90_wb-CMYK,svm,7.612,11.291,13.41,7.321,1485
IFRA-wb-SudK_99_2_wb-CMYK,IFRA-wb-GratN_90_wb-CMYK,mlp_deep,7.7,12.552,18.223,7.639,1485
IFRA-wb-SudK_99_2_wb-CMYK,IFRA-wb-Mbd_103a_wb-CMYK,gaussian_process,2.436,4.857,9.941,2.628,1485
IFRA-wb-SudK_99_2_wb-CMYK,IFRA-wb-Mbd_103a_wb-CMYK,poly3,3.029,7.622,33.48,3.547,1485
IFRA-wb-SudK_99_2_wb-CMYK,IFRA-wb-Mbd_103a_wb-CMYK,svm,2.551,4.733,9.978,2.68,1485
IFRA-wb-SudK_99_2_wb-CMYK,IFRA-wb-Mbd_103a_wb-CMYK,mlp_deep,2.866,7.012,20.153,3.288,1485
IFRA-wb-SudK_99_2_wb-CMYK,IFRA-wb-NordK_92a_wb-CMYK,gaussian_process,3.781,8.085,13.36,4.055,1485
IFRA-wb-SudK_99_2_wb-CMYK,IFRA-wb-NordK_92a_wb-CMYK,poly3,4.134,9.531,33.71,4.649,1485
IFRA-wb-SudK_99_2_wb-CMYK,IFRA-wb-NordK_92a_wb-CMYK,svm,3.739,7.785,11.458,4.008,1485
IFRA-wb-SudK_99_2_wb-CMYK,IFRA-wb-NordK_92a_wb-CMYK,mlp_deep,3.75,9.566,22.221,4.347,1485
IFRA-wb-SudK_99_2_wb-CMYK,IFRA-wb-PressJ_158_wb-CMYK,gaussian_process,6.003,12.491,15.697,6.42,1485
IFRA-wb-SudK_99_2_wb-CMYK,IFRA-wb-PressJ_158_wb-CMYK,poly3,6.707,12.862,34.242,7.04,1485
IFRA-wb-SudK_99_2_wb-CMYK,IFRA-wb-PressJ_158_wb-CMYK,svm,6.014,12.294,15.477,6.392,1485
IFRA-wb-SudK_99_2_wb-CMYK,IFRA-wb-PressJ_158_wb-CMYK,mlp_deep,6.399,12.984,19.252,6.865,1485
IFRA-wb-SudK_99_2_wb-CMYK,IFRA-wb-RZPOI_125_2_wb-CMYK,gaussian_process,4.101,9.585,13.62,4.516,1485
IFRA-wb-SudK_99_2_wb-CMYK,IFRA-wb-RZPOI_125_2_wb-CMYK,poly3,4.596,10.981,35.169,5.233,1485
IFRA-wb-SudK_99_2_wb-CMYK,IFRA-wb-RZPOI_125_2_wb-CMYK,svm,4.071,9.244,16.032,4.542,1485
IFRA-wb-SudK_99_2_wb-CMYK,IFRA-wb-RZPOI_125_2_wb-CMYK,mlp_deep,4.248,11.109,20.849,5.078,1485
IFRA-wb-SudK_99_2_wb-CMYK,IFRA-wb-Sudz_100_wb-CMYK,gaussian_process,3.334,8.423,26.252,3.921,1485
IFRA-wb-SudK_99_2_wb-CMYK,IFRA-wb-Sudz_100_wb-CMYK,poly3,3.574,10.252,35.833,4.425,1485
IFRA-wb-SudK_99_2_wb-CMYK,IFRA-wb-Sudz_100_wb-CMYK,svm,3.255,8.841,25.945,3.867,1485
IFRA-wb-SudK_99_2_wb-CMYK,IFRA-wb-Sudz_100_wb-CMYK,mlp_deep,3.507,10.038,28.384,4.355,1485
IFRA-wb-SudK_99_2_wb-CMYK,IFRA-wb-TagesA_147_2_wb-CMYK,gaussian_process,2.827,5.857,9.97,3.085,1485
IFRA-wb-SudK_99_2_wb-CMYK,IFRA-wb-TagesA_147_2_wb-CMYK,poly3,3.159,7.924,34.213,3.793,1485
IFRA-wb-SudK_99_2_wb-CMYK,IFRA-wb-TagesA_147_2_wb-CMYK,svm,2.729,5.805,10.289,3.019,1485
IFRA-wb-SudK_99_2_wb-CMYK,IFRA-wb-TagesA_147_2_wb-CMYK,mlp_deep,2.931,7.719,19.348,3.489,1485
IFRA-wb-SudK_99_2_wb-CMYK,IFRA-wb-TagesA_147_wb-CMYK,gaussian_process,2.87,5.948,10.259,3.146,1485
IFRA-wb-SudK_99_2_wb-CMYK,IFRA-wb-TagesA_147_wb-CMYK,poly3,3.225,8.12,34.213,3.831,1485
IFRA-wb-SudK_99_2_wb-CMYK,IFRA-wb-TagesA_147_wb-CMYK,svm,2.774,5.854,9.555,3.07,1485
IFRA-wb-SudK_99_2_wb-CMYK,IFRA-wb-TagesA_147_wb-CMYK,mlp_deep,2.943,7.941,19.526,3.504,1485
IFRA-wb-SudK_99_2_wb-CMYK,IFRA-wb-marca_133_wb-CMYK,gaussian_process,5.082,10.372,19.489,5.437,1485
IFRA-wb-SudK_99_2_wb-CMYK,IFRA-wb-marca_133_wb-CMYK,poly3,5.558,12.328,33.602,6.117,1485
IFRA-wb-SudK_99_2_wb-CMYK,IFRA-wb-marca_133_wb-CMYK,svm,5.239,10.186,19.705,5.522,1485
IFRA-wb-SudK_99_2_wb-CMYK,IFRA-wb-marca_133_wb-CMYK,mlp_deep,5.31,11.666,22.578,5.916,1485
IFRA-wb-Sudz_100_wb-CMYK,IFRA-wb-Age_64a_wb-CMYK,gaussian_process,3.475,7.672,23.063,3.919,1485
IFRA-wb-Sudz_100_wb-CMYK,IFRA-wb-Age_64a_wb-CMYK,poly3,3.343,9.338,34.063,4.101,1485
IFRA-wb-Sudz_100_wb-CMYK,IFRA-wb-Age_64a_wb-CMYK,svm,3.378,6.915,13.843,3.668,1485
IFRA-wb-Sudz_100_wb-CMYK,IFRA-wb-Age_64a_wb-CMYK,mlp_deep,3.525,7.635,15.705,3.889,1485
IFRA-wb-Sudz_100_wb-CMYK,IFRA-wb-Arena_111_wb-CMYK,gaussian_process,5.455,12.435,27.182,6.071,1485
IFRA-wb-Sudz_100_wb-CMYK,IFRA-wb-Arena_111_wb-CMYK,poly3,5.256,13.431,31.851,6.34,1485
IFRA-wb-Sudz_100_wb-CMYK,IFRA-wb-Arena_111_wb-CMYK,svm,5.326,12.003,16.963,5.987,1485
IFRA-wb-Sudz_100_wb-CMYK,IFRA-wb-Arena_111_wb-CMYK,mlp_deep,5.381,12.147,18.04,6.03,1485
IFRA-wb-Sudz_100_wb-CMYK,IFRA-wb-Dnvk_131_wb-CMYK,gaussian_process,3.454,8.52,24.886,3.985,1485
IFRA-wb-Sudz_100_wb-CMYK,IFRA-wb-Dnvk_131_wb-CMYK,poly3,3.138,9.79,31.98,4.031,1485
IFRA-wb-Sudz_100_wb-CMYK,IFRA-wb-Dnvk_131_wb-CMYK,svm,3.133,7.68,14.156,3.641,1485
IFRA-wb-Sudz_100_wb-CMYK,IFRA-wb-Dnvk_131_wb-CMYK,mlp_deep,3.383,8.439,17.629,3.879,1485
IFRA-wb-Sudz_100_wb-CMYK,IFRA-wb-GratN_90_wb-CMYK,gaussian_process,6.342,10.89,31.273,6.418,1485
IFRA-wb-Sudz_100_wb-CMYK,IFRA-wb-GratN_90_wb-CMYK,poly3,6.569,12.031,32.998,6.741,1485
IFRA-wb-Sudz_100_wb-CMYK,IFRA-wb-GratN_90_wb-CMYK,svm,6.313,10.622,16.524,6.372,1485
IFRA-wb-Sudz_100_wb-CMYK,IFRA-wb-GratN_90_wb-CMYK,mlp_deep,6.282,10.985,15.314,6.383,1485
IFRA-wb-Sudz_100_wb-CMYK,IFRA-wb-Mbd_103a_wb-CMYK,gaussian_process,2.429,7.546,23.613,3.093,1485
IFRA-wb-Sudz_100_wb-CMYK,IFRA-wb-Mbd_103a_wb-CMYK,poly3,2.947,8.443,32.843,3.642,1485
IFRA-wb-Sudz_100_wb-CMYK,IFRA-wb-Mbd_103a_wb-CMYK,svm,2.497,6.671,13.004,3.019,1485
IFRA-wb-Sudz_100_wb-CMYK,IFRA-wb-Mbd_103a_wb-CMYK,mlp_deep,2.842,7.267,16.151,3.36,1485
IFRA-wb-Sudz_100_wb-CMYK,IFRA-wb-NordK_92a_wb-CMYK,gaussian_process,3.709,8.229,22.472,4.087,1485
IFRA-wb-Sudz_100_wb-CMYK,IFRA-wb-NordK_92a_wb-CMYK,poly3,3.719,8.832,33.764,4.266,1485
IFRA-wb-Sudz_100_wb-CMYK,IFRA-wb-NordK_92a_wb-CMYK,svm,3.637,7.334,15.266,3.854,1485
IFRA-wb-Sudz_100_wb-CMYK,IFRA-wb-NordK_92a_wb-CMYK,mlp_deep,3.817,7.759,15.802,4.101,1485
IFRA-wb-Sudz_100_wb-CMYK,IFRA-wb-PressJ_158_wb-CMYK,gaussian_process,5.792,11.369,19.338,6.11,1485
IFRA-wb-Sudz_100_wb-CMYK,IFRA-wb-PressJ_158_wb-CMYK,poly3,6.2,11.949,32.831,6.428,1485
IFRA-wb-Sudz_100_wb-CMYK,IFRA-wb-PressJ_158_wb-CMYK,svm,5.873,10.96,14.069,6.038,1485
IFRA-wb-Sudz_100_wb-CMYK,IFRA-wb-PressJ_158_wb-CMYK,mlp_deep,6.145,11.304,16.266,6.271,1485
IFRA-wb-Sudz_100_wb-CMYK,IFRA-wb-RZPOI_125_2_wb-CMYK,gaussian_process,3.218,10.424,27.588,4.198,1485
IFRA-wb-Sudz_100_wb-CMYK,IFRA-wb-RZPOI_125_2_wb-CMYK,poly3,3.223,12.173,33.105,4.592,1485
IFRA-wb-Sudz_100_wb-CMYK,IFRA-wb-RZPOI_125_2_wb-CMYK,svm,3.069,10.777,18.468,4.171,1485
IFRA-wb-Sudz_100_wb-CMYK,IFRA-wb-RZPOI_125_2_wb-CMYK,mlp_deep,3.501,11.141,18.017,4.434,1485
IFRA-wb-Sudz_100_wb-CMYK,IFRA-wb-SudK_99_2_wb-CMYK,gaussian_process,3.372,8.353,26.031,3.955,1485
IFRA-wb-Sudz_100_wb-CMYK,IFRA-wb-SudK_99_2_wb-CMYK,poly3,3.944,8.505,33.56,4.377,1485
IFRA-wb-Sudz_100_wb-CMYK,IFRA-wb-SudK_99_2_wb-CMYK,svm,3.398,7.536,13.197,3.793,1485
IFRA-wb-Sudz_100_wb-CMYK,IFRA-wb-SudK_99_2_wb-CMYK,mlp_deep,3.856,8.314,13.683,4.138,1485
IFRA-wb-Sudz_100_wb-CMYK,IFRA-wb-TagesA_147_2_wb-CMYK,gaussian_process,2.605,7.468,21.733,3.187,1485
IFRA-wb-Sudz_100_wb-CMYK,IFRA-wb-TagesA_147_2_wb-CMYK,poly3,2.971,8.086,32.599,3.549,1485
IFRA-wb-Sudz_100_wb-CMYK,IFRA-wb-TagesA_147_2_wb-CMYK,svm,2.638,6.163,12.352,2.991,1485
IFRA-wb-Sudz_100_wb-CMYK,IFRA-wb-TagesA_147_2_wb-CMYK,mlp_deep,2.956,6.977,15.283,3.334,1485
IFRA-wb-Sudz_100_wb-CMYK,IFRA-wb-TagesA_147_wb-CMYK,gaussian_process,2.575,7.391,20.042,3.085,1485
IFRA-wb-Sudz_100_wb-CMYK,IFRA-wb-TagesA_147_wb-CMYK,poly3,2.766,7.941,33.121,3.405,1485
IFRA-wb-Sudz_100_wb-CMYK,IFRA-wb-TagesA_147_wb-CMYK,svm,2.524,5.985,12.137,2.835,1485
IFRA-wb-Sudz_100_wb-CMYK,IFRA-wb-TagesA_147_wb-CMYK,mlp_deep,2.782,6.678,15.477,3.18,1485
IFRA-wb-Sudz_100_wb-CMYK,IFRA-wb-marca_133_wb-CMYK,gaussian_process,4.579,10.879,32.532,5.188,1485
IFRA-wb-Sudz_100_wb-CMYK,IFRA-wb-marca_133_wb-CMYK,poly3,4.569,12.074,32.332,5.504,1485
IFRA-wb-Sudz_100_wb-CMYK,IFRA-wb-marca_133_wb-CMYK,svm,4.48,10.65,17.056,5.086,1485
IFRA-wb-Sudz_100_wb-CMYK,IFRA-wb-marca_133_wb-CMYK,mlp_deep,4.667,11.041,17.606,5.232,1485
IFRA-wb-TagesA_147_2_wb-CMYK,IFRA-wb-Age_64a_wb-CMYK,gaussian_process,2.069,4.189,6.961,2.269,1485
IFRA-wb-TagesA_147_2_wb-CMYK,IFRA-wb-Age_64a_wb-CMYK,poly3,2.259,5.515,23.498,2.667,1485
IFRA-wb-TagesA_147_2_wb-CMYK,IFRA-wb-Age_64a_wb-CMYK,svm,2.072,4.381,11.113,2.287,1485
IFRA-wb-TagesA_147_2_wb-CMYK,IFRA-wb-Age_64a_wb-CMYK,mlp_deep,2.366,5.297,11.138,2.638,1485
IFRA-wb-TagesA_147_2_wb-CMYK,IFRA-wb-Arena_111_wb-CMYK,gaussian_process,5.106,8.46,12.526,5.128,1485
IFRA-wb-TagesA_147_2_wb-CMYK,IFRA-wb-Arena_111_wb-CMYK,poly3,5.281,9.49,21.922,5.463,1485
IFRA-wb-TagesA_147_2_wb-CMYK,IFRA-wb-Arena_111_wb-CMYK,svm,5.328,8.321,12.145,5.235,1485
IFRA-wb-TagesA_147_2_wb-CMYK,IFRA-wb-Arena_111_wb-CMYK,mlp_deep,5.296,8.87,13.272,5.32,1485
IFRA-wb-TagesA_147_2_wb-CMYK,IFRA-wb-Dnvk_131_wb-CMYK,gaussian_process,2.156,4.314,7.38,2.318,1485
IFRA-wb-TagesA_147_2_wb-CMYK,IFRA-wb-Dnvk_131_wb-CMYK,poly3,2.156,5.465,22.559,2.58,1485
IFRA-wb-TagesA_147_2_wb-CMYK,IFRA-wb-Dnvk_131_wb-CMYK,svm,2.039,4.351,10.291,2.238,1485
IFRA-wb-TagesA_147_2_wb-CMYK,IFRA-wb-Dnvk_131_wb-CMYK,mlp_deep,2.226,5.225,11.205,2.546,1485
IFRA-wb-TagesA_147_2_wb-CMYK,IFRA-wb-GratN_90_wb-CMYK,gaussian_process,6.345,10.157,13.19,6.092,1485
IFRA-wb-TagesA_147_2_wb-CMYK,IFRA-wb-GratN_90_wb-CMYK,poly3,6.586,10.253,21.348,6.465,1485
IFRA-wb-TagesA_147_2_wb-CMYK,IFRA-wb-GratN_90_wb-CMYK,svm,6.47,9.769,12.124,6.187,1485
IFRA-wb-TagesA_147_2_wb-CMYK,IFRA-wb-GratN_90_wb-CMYK,mlp_deep,6.693,10.006,14.108,6.352,1485
IFRA-wb-TagesA_147_2_wb-CMYK,IFRA-wb-Mbd_103a_wb-CMYK,gaussian_process,1.598,3.456,6.881,1.746,1485
IFRA-wb-TagesA_147_2_wb-CMYK,IFRA-wb-Mbd_103a_wb-CMYK,poly3,1.879,4.599,22.801,2.228,1485
IFRA-wb-TagesA_147_2_wb-CMYK,IFRA-wb-Mbd_103a_wb-CMYK,svm,1.579,3.398,10.083,1.725,1485
IFRA-wb-TagesA_147_2_wb-CMYK,IFRA-wb-Mbd_103a_wb-CMYK,mlp_deep,1.964,4.939,9.588,2.255,1485
IFRA-wb-TagesA_147_2_wb-CMYK,IFRA-wb-NordK_92a_wb-CMYK,gaussian_process,2.833,5.404,8.209,3.022,1485
IFRA-wb-TagesA_147_2_wb-CMYK,IFRA-wb-NordK_92a_wb-CMYK,poly3,3.052,6.114,23.349,3.348,1485
IFRA-wb-TagesA_147_2_wb-CMYK,IFRA-wb-NordK_92a_wb-CMYK,svm,2.93,5.363,10.065,3.062,1485
IFRA-wb-TagesA_147_2_wb-CMYK,IFRA-wb-NordK_92a_wb-CMYK,mlp_deep,3.114,6.292,12.405,3.377,1485
IFRA-wb-TagesA_147_2_wb-CMYK,IFRA-wb-PressJ_158_wb-CMYK,gaussian_process,5.854,10.235,13.376,5.976,1485
IFRA-wb-TagesA_147_2_wb-CMYK,IFRA-wb-PressJ_158_wb-CMYK,poly3,6.272,10.895,22.512,6.395,1485
IFRA-wb-TagesA_147_2_wb-CMYK,IFRA-wb-PressJ_158_wb-CMYK,svm,5.981,10.598,13.326,6.067,1485
IFRA-wb-TagesA_147_2_wb-CMYK,IFRA-wb-PressJ_158_wb-CMYK,mlp_deep,6.356,10.862,16.271,6.464,1485
IFRA-wb-TagesA_147_2_wb-CMYK,IFRA-wb-RZPOI_125_2_wb-CMYK,gaussian_process,3.468,9.619,16.137,4.227,1485
IFRA-wb-TagesA_147_2_wb-CMYK,IFRA-wb-RZPOI_125_2_wb-CMYK,poly3,3.829,9.934,22.396,4.565,1485
IFRA-wb-TagesA_147_2_wb-CMYK,IFRA-wb-RZPOI_125_2_wb-CMYK,svm,3.469,9.459,14.582,4.252,1485
IFRA-wb-TagesA_147_2_wb-CMYK,IFRA-wb-RZPOI_125_2_wb-CMYK,mlp_deep,3.87,9.682,17.831,4.524,1485
IFRA-wb-TagesA_147_2_wb-CMYK,IFRA-wb-SudK_99_2_wb-CMYK,gaussian_process,2.834,5.85,9.931,3.103,1485
IFRA-wb-TagesA_147_2_wb-CMYK,IFRA-wb-SudK_99_2_wb-CMYK,poly3,3.088,6.158,22.294,3.345,1485
IFRA-wb-TagesA_147_2_wb-CMYK,IFRA-wb-SudK_99_2_wb-CMYK,svm,2.808,5.673,10.603,3.041,1485
IFRA-wb-TagesA_147_2_wb-CMYK,IFRA-wb-SudK_99_2_wb-CMYK,mlp_deep,3.083,6.865,14.171,3.429,1485
IFRA-wb-TagesA_147_2_wb-CMYK,IFRA-wb-Sudz_100_wb-CMYK,gaussian_process,2.614,7.562,21.939,3.194,1485
IFRA-wb-TagesA_147_2_wb-CMYK,IFRA-wb-Sudz_100_wb-CMYK,poly3,2.586,8.467,23.536,3.4,1485
IFRA-wb-TagesA_147_2_wb-CMYK,IFRA-wb-Sudz_100_wb-CMYK,svm,2.52,7.461,21.105,3.157,1485
IFRA-wb-TagesA_147_2_wb-CMYK,IFRA-wb-Sudz_100_wb-CMYK,mlp_deep,2.875,8.446,19.499,3.615,1485
IFRA-wb-TagesA_147_2_wb-CMYK,IFRA-wb-TagesA_147_wb-CMYK,gaussian_process,0.566,1.554,3.203,0.68,1485
IFRA-wb-TagesA_147_2_wb-CMYK,IFRA-wb-TagesA_147_wb-CMYK,poly3,1.404,4.093,22.037,1.767,1485
IFRA-wb-TagesA_147_2_wb-CMYK,IFRA-wb-TagesA_147_wb-CMYK,svm,0.932,2.694,9.233,1.129,1485
IFRA-wb-TagesA_147_2_wb-CMYK,IFRA-wb-TagesA_147_wb-CMYK,mlp_deep,1.422,4.292,9.304,1.754,1485
IFRA-wb-TagesA_147_2_wb-CMYK,IFRA-wb-marca_133_wb-CMYK,gaussian_process,3.46,8.265,15.871,3.968,1485
IFRA-wb-TagesA_147_2_wb-CMYK,IFRA-wb-marca_133_wb-CMYK,poly3,3.815,9.151,22.726,4.355,1485
IFRA-wb-TagesA_147_2_wb-CMYK,IFRA-wb-marca_133_wb-CMYK,svm,3.522,8.352,15.7,4.026,1485
IFRA-wb-TagesA_147_2_wb-CMYK,IFRA-wb-marca_133_wb-CMYK,mlp_deep,3.732,8.714,15.877,4.257,1485
IFRA-wb-TagesA_147_wb-CMYK,IFRA-wb-Age_64a_wb-CMYK,gaussian_process,2.11,4.001,6.608,2.242,1485
IFRA-wb-TagesA_147_wb-CMYK,IFRA-wb-Age_64a_wb-CMYK,poly3,2.221,5.543,23.836,2.646,1485
IFRA-wb-TagesA_147_wb-CMYK,IFRA-wb-Age_64a_wb-CMYK,svm,2.034,4.003,9.862,2.2,1485
IFRA-wb-TagesA_147_wb-CMYK,IFRA-wb-Age_64a_wb-CMYK,mlp_deep,2.462,5.49,10.091,2.697,1485
IFRA-wb-TagesA_147_wb-CMYK,IFRA-wb-Arena_111_wb-CMYK,gaussian_process,5.149,8.538,12.771,5.184,1485
IFRA-wb-TagesA_147_wb-CMYK,IFRA-wb-Arena_111_wb-CMYK,poly3,5.283,9.598,22.121,5.516,1485
IFRA-wb-TagesA_147_wb-CMYK,IFRA-wb-Arena_111_wb-CMYK,svm,5.244,8.367,12.107,5.202,1485
IFRA-wb-TagesA_147_wb-CMYK,IFRA-wb-Arena_111_wb-CMYK,mlp_deep,5.354,9.249,14.06,5.416,1485
IFRA-wb-TagesA_147_wb-CMYK,IFRA-wb-Dnvk_131_wb-CMYK,gaussian_process,2.16,4.029,6.823,2.282,1485
IFRA-wb-TagesA_147_wb-CMYK,IFRA-wb-Dnvk_131_wb-CMYK,poly3,2.136,5.451,22.765,2.586,1485
IFRA-wb-TagesA_147_wb-CMYK,IFRA-wb-Dnvk_131_wb-CMYK,svm,2.007,4.014,9.979,2.166,1485
IFRA-wb-TagesA_147_wb-CMYK,IFRA-wb-Dnvk_131_wb-CMYK,mlp_deep,2.283,5.545,10.073,2.601,1485
IFRA-wb-TagesA_147_wb-CMYK,IFRA-wb-GratN_90_wb-CMYK,gaussian_process,6.269,9.98,13.624,6.101,1485
IFRA-wb-TagesA_147_wb-CMYK,IFRA-wb-GratN_90_wb-CMYK,poly3,6.564,10.341,21.673,6.483,1485
IFRA-wb-TagesA_147_wb-CMYK,IFRA-wb-GratN_90_wb-CMYK,svm,6.401,9.813,12.104,6.104,1485
IFRA-wb-TagesA_147_wb-CMYK,IFRA-wb-GratN_90_wb-CMYK,mlp_deep,6.617,10.224,14.114,6.362,1485
IFRA-wb-TagesA_147_wb-CMYK,IFRA-wb-Mbd_103a_wb-CMYK,gaussian_process,1.589,3.65,6.384,1.761,1485
IFRA-wb-TagesA_147_wb-CMYK,IFRA-wb-Mbd_103a_wb-CMYK,poly3,1.939,4.817,23.079,2.299,1485
IFRA-wb-TagesA_147_wb-CMYK,IFRA-wb-Mbd_103a_wb-CMYK,svm,1.592,3.4,8.296,1.718,1485
IFRA-wb-TagesA_147_wb-CMYK,IFRA-wb-Mbd_103a_wb-CMYK,mlp_deep,1.986,4.941,10.548,2.29,1485
IFRA-wb-TagesA_147_wb-CMYK,IFRA-wb-NordK_92a_wb-CMYK,gaussian_process,2.754,5.421,8.621,2.963,1485
IFRA-wb-TagesA_147_wb-CMYK,IFRA-wb-NordK_92a_wb-CMYK,poly3,2.97,6.09,23.661,3.28,1485
IFRA-wb-TagesA_147_wb-CMYK,IFRA-wb-NordK_92a_wb-CMYK,svm,2.789,5.266,11.466,2.963,1485
IFRA-wb-TagesA_147_wb-CMYK,IFRA-wb-NordK_92a_wb-CMYK,mlp_deep,3.085,6.331,10.46,3.357,1485
IFRA-wb-TagesA_147_wb-CMYK,IFRA-wb-PressJ_158_wb-CMYK,gaussian_process,5.872,10.26,13.313,5.959,1485
IFRA-wb-TagesA_147_wb-CMYK,IFRA-wb-PressJ_158_wb-CMYK,poly3,6.242,10.908,22.75,6.358,1485
IFRA-wb-TagesA_147_wb-CMYK,IFRA-wb-PressJ_158_wb-CMYK,svm,5.925,10.453,13.478,6.048,1485
IFRA-wb-TagesA_147_wb-CMYK,IFRA-wb-PressJ_158_wb-CMYK,mlp_deep,6.125,10.767,16.973,6.31,1485
IFRA-wb-TagesA_147_wb-CMYK,IFRA-wb-RZPOI_125_2_wb-CMYK,gaussian_process,3.411,9.628,15.489,4.19,1485
IFRA-wb-TagesA_147_wb-CMYK,IFRA-wb-RZPOI_125_2_wb-CMYK,poly3,3.739,10.236,22.518,4.536,1485
IFRA-wb-TagesA_147_wb-CMYK,IFRA-wb-RZPOI_125_2_wb-CMYK,svm,3.413,9.014,14.888,4.17,1485
IFRA-wb-TagesA_147_wb-CMYK,IFRA-wb-RZPOI_125_2_wb-CMYK,mlp_deep,3.888,9.396,18.183,4.48,1485
IFRA-wb-TagesA_147_wb-CMYK,IFRA-wb-SudK_99_2_wb-CMYK,gaussian_process,2.868,5.96,10.225,3.165,1485
IFRA-wb-TagesA_147_wb-CMYK,IFRA-wb-SudK_99_2_wb-CMYK,poly3,3.114,6.18,22.646,3.414,1485
IFRA-wb-TagesA_147_wb-CMYK,IFRA-wb-SudK_99_2_wb-CMYK,svm,2.813,5.684,11.094,3.07,1485
IFRA-wb-TagesA_147_wb-CMYK,IFRA-wb-SudK_99_2_wb-CMYK,mlp_deep,3.157,6.831,12.392,3.457,1485
IFRA-wb-TagesA_147_wb-CMYK,IFRA-wb-Sudz_100_wb-CMYK,gaussian_process,2.551,7.38,20.239,3.093,1485
IFRA-wb-TagesA_147_wb-CMYK,IFRA-wb-Sudz_100_wb-CMYK,poly3,2.558,8.308,23.618,3.307,1485
IFRA-wb-TagesA_147_wb-CMYK,IFRA-wb-Sudz_100_wb-CMYK,svm,2.417,7.735,21.086,3.076,1485
IFRA-wb-TagesA_147_wb-CMYK,IFRA-wb-Sudz_100_wb-CMYK,mlp_deep,2.823,8.16,19.012,3.511,1485
IFRA-wb-TagesA_147_wb-CMYK,IFRA-wb-TagesA_147_2_wb-CMYK,gaussian_process,0.575,1.575,3.143,0.684,1485
IFRA-wb-TagesA_147_wb-CMYK,IFRA-wb-TagesA_147_2_wb-CMYK,poly3,1.402,4.336,21.692,1.812,1485
IFRA-wb-TagesA_147_wb-CMYK,IFRA-wb-TagesA_147_2_wb-CMYK,svm,0.929,2.6,9.584,1.106,1485
IFRA-wb-TagesA_147_wb-CMYK,IFRA-wb-TagesA_147_2_wb-CMYK,mlp_deep,1.51,4.447,8.971,1.843,1485
IFRA-wb-TagesA_147_wb-CMYK,IFRA-wb-marca_133_wb-CMYK,gaussian_process,3.609,8.399,16.009,4.123,1485
IFRA-wb-TagesA_147_wb-CMYK,IFRA-wb-marca_133_wb-CMYK,poly3,3.903,9.247,22.932,4.441,1485
IFRA-wb-TagesA_147_wb-CMYK,IFRA-wb-marca_133_wb-CMYK,svm,3.549,8.188,15.987,4.033,1485
IFRA-wb-TagesA_147_wb-CMYK,IFRA-wb-marca_133_wb-CMYK,mlp_deep,3.845,9.135,15.452,4.384,1485
IFRA-wb-marca_133_wb-CMYK,IFRA-wb-Age_64a_wb-CMYK,gaussian_process,3.264,7.375,12.473,3.609,1485
IFRA-wb-marca_133_wb-CMYK,IFRA-wb-Age_64a_wb-CMYK,poly3,3.102,5.653,22.872,3.293,1485
IFRA-wb-marca_133_wb-CMYK,IFRA-wb-Age_64a_wb-CMYK,svm,3.008,5.567,11.0,3.187,1485
IFRA-wb-marca_133_wb-CMYK,IFRA-wb-Age_64a_wb-CMYK,mlp_deep,3.184,6.068,10.596,3.367,1485
IFRA-wb-marca_133_wb-CMYK,IFRA-wb-Arena_111_wb-CMYK,gaussian_process,3.199,6.142,10.807,3.364,1485
IFRA-wb-marca_133_wb-CMYK,IFRA-wb-Arena_111_wb-CMYK,poly3,2.918,5.878,20.481,3.14,1485
IFRA-wb-marca_133_wb-CMYK,IFRA-wb-Arena_111_wb-CMYK,svm,3.1,5.511,13.343,3.19,1485
IFRA-wb-marca_133_wb-CMYK,IFRA-wb-Arena_111_wb-CMYK,mlp_deep,3.122,5.737,10.424,3.237,1485
IFRA-wb-marca_133_wb-CMYK,IFRA-wb-Dnvk_131_wb-CMYK,gaussian_process,2.752,7.649,13.636,3.336,1485
IFRA-wb-marca_133_wb-CMYK,IFRA-wb-Dnvk_131_wb-CMYK,poly3,2.885,5.584,21.242,3.09,1485
IFRA-wb-marca_133_wb-CMYK,IFRA-wb-Dnvk_131_wb-CMYK,svm,2.737,5.906,13.046,2.97,1485
IFRA-wb-marca_133_wb-CMYK,IFRA-wb-Dnvk_131_wb-CMYK,mlp_deep,2.981,6.046,12.589,3.211,1485
IFRA-wb-marca_133_wb-CMYK,IFRA-wb-GratN_90_wb-CMYK,gaussian_process,4.191,8.628,13.763,4.455,1485
IFRA-wb-marca_133_wb-CMYK,IFRA-wb-GratN_90_wb-CMYK,poly3,4.375,7.655,20.787,4.337,1485
IFRA-wb-marca_133_wb-CMYK,IFRA-wb-GratN_90_wb-CMYK,svm,4.473,7.71,12.683,4.404,1485
IFRA-wb-marca_133_wb-CMYK,IFRA-wb-GratN_90_wb-CMYK,mlp_deep,4.519,7.645,10.61,4.402,1485
IFRA-wb-marca_133_wb-CMYK,IFRA-wb-Mbd_103a_wb-CMYK,gaussian_process,3.602,7.345,16.368,3.984,1485
IFRA-wb-marca_133_wb-CMYK,IFRA-wb-Mbd_103a_wb-CMYK,poly3,3.766,5.984,21.853,3.891,1485
IFRA-wb-marca_133_wb-CMYK,IFRA-wb-Mbd_103a_wb-CMYK,svm,3.568,5.597,10.431,3.641,1485
IFRA-wb-marca_133_wb-CMYK,IFRA-wb-Mbd_103a_wb-CMYK,mlp_deep,3.877,6.655,11.073,4.085,1485
IFRA-wb-marca_133_wb-CMYK,IFRA-wb-NordK_92a_wb-CMYK,gaussian_process,5.14,9.878,14.222,5.506,1485
IFRA-wb-marca_133_wb-CMYK,IFRA-wb-NordK_92a_wb-CMYK,poly3,5.284,8.062,22.511,5.343,1485
IFRA-wb-marca_133_wb-CMYK,IFRA-wb-NordK_92a_wb-CMYK,svm,5.091,8.404,13.088,5.26,1485
IFRA-wb-marca_133_wb-CMYK,IFRA-wb-NordK_92a_wb-CMYK,mlp_deep,5.418,8.274,13.764,5.417,1485
IFRA-wb-marca_133_wb-CMYK,IFRA-wb-PressJ_158_wb-CMYK,gaussian_process,7.694,13.569,20.945,7.892,1485
IFRA-wb-marca_133_wb-CMYK,IFRA-wb-PressJ_158_wb-CMYK,poly3,8.004,12.707,21.185,8.016,1485
IFRA-wb-marca_133_wb-CMYK,IFRA-wb-PressJ_158_wb-CMYK,svm,7.832,12.5,18.1,7.837,1485
IFRA-wb-marca_133_wb-CMYK,IFRA-wb-PressJ_158_wb-CMYK,mlp_deep,8.118,13.054,16.678,8.146,1485
IFRA-wb-marca_133_wb-CMYK,IFRA-wb-RZPOI_125_2_wb-CMYK,gaussian_process,5.021,10.075,18.422,5.417,1485
IFRA-wb-marca_133_wb-CMYK,IFRA-wb-RZPOI_125_2_wb-CMYK,poly3,4.729,10.07,22.04,5.26,1485
IFRA-wb-marca_133_wb-CMYK,IFRA-wb-RZPOI_125_2_wb-CMYK,svm,4.674,9.843,17.9,5.165,1485
IFRA-wb-marca_133_wb-CMYK,IFRA-wb-RZPOI_125_2_wb-CMYK,mlp_deep,4.837,10.699,17.101,5.364,1485
IFRA-wb-marca_133_wb-CMYK,IFRA-wb-SudK_99_2_wb-CMYK,gaussian_process,5.049,10.372,19.145,5.439,1485
IFRA-wb-marca_133_wb-CMYK,IFRA-wb-SudK_99_2_wb-CMYK,poly3,5.418,8.715,21.738,5.437,1485
IFRA-wb-marca_133_wb-CMYK,IFRA-wb-SudK_99_2_wb-CMYK,svm,5.023,8.342,11.96,5.076,1485
IFRA-wb-marca_133_wb-CMYK,IFRA-wb-SudK_99_2_wb-CMYK,mlp_deep,5.526,9.339,13.328,5.586,1485
IFRA-wb-marca_133_wb-CMYK,IFRA-wb-Sudz_100_wb-CMYK,gaussian_process,4.395,11.142,32.234,5.077,1485
IFRA-wb-marca_133_wb-CMYK,IFRA-wb-Sudz_100_wb-CMYK,poly3,4.309,10.708,29.21,4.974,1485
IFRA-wb-marca_133_wb-CMYK,IFRA-wb-Sudz_100_wb-CMYK,svm,4.256,10.729,31.489,4.953,1485
IFRA-wb-marca_133_wb-CMYK,IFRA-wb-Sudz_100_wb-CMYK,mlp_deep,4.5,10.554,31.105,5.125,1485
IFRA-wb-marca_133_wb-CMYK,IFRA-wb-TagesA_147_2_wb-CMYK,gaussian_process,3.418,8.13,15.487,3.91,1485
IFRA-wb-marca_133_wb-CMYK,IFRA-wb-TagesA_147_2_wb-CMYK,poly3,3.706,6.054,20.855,3.868,1485
IFRA-wb-marca_133_wb-CMYK,IFRA-wb-TagesA_147_2_wb-CMYK,svm,3.484,6.029,11.829,3.649,1485
IFRA-wb-marca_133_wb-CMYK,IFRA-wb-TagesA_147_2_wb-CMYK,mlp_deep,3.87,6.881,10.355,4.067,1485
IFRA-wb-marca_133_wb-CMYK,IFRA-wb-TagesA_147_wb-CMYK,gaussian_process,3.51,8.335,15.619,4.058,1485
IFRA-wb-marca_133_wb-CMYK,IFRA-wb-TagesA_147_wb-CMYK,poly3,3.797,5.985,21.202,3.938,1485
IFRA-wb-marca_133_wb-CMYK,IFRA-wb-TagesA_147_wb-CMYK,svm,3.572,6.382,11.17,3.765,1485
IFRA-wb-marca_133_wb-CMYK,IFRA-wb-TagesA_147_wb-CMYK,mlp_deep,3.937,6.969,10.831,4.128,1485
